PartitionKey,RowKey,AdaptiveContent,AdaptiveContent@type,Importance,Importance@type,NotificationContent,NotificationContent@type,NotificationTitle,NotificationTitle@type,NotificationChannels,NotificationChannels@type,RecipientEmail,RecipientEmail@type
AuthScanning,AUTH-01,"{""type"":""AdaptiveCard"",""$schema"":""http://adaptivecards.io/schemas/adaptive-card.json"",""version"":""1.2"",""body"":[{""type"":""Container"",""style"":""attention"",""items"":[{""type"":""TextBlock"",""text"":""⚠️ Windows Authentication Failures Detected"",""size"":""Large"",""weight"":""Bolder"",""color"":""Attention"",""horizontalAlignment"":""Center""}]},{""type"":""Container"",""style"":""attention"",""items"":[{""type"":""TextBlock"",""text"":""**⚠️ Action Required:** Windows authentication failures were detected during the scan. Please review the reports and ticket for details."",""wrap"":true,""weight"":""Bolder""}]},{""type"":""Container"",""items"":[{""type"":""TextBlock"",""text"":""📊 **Error Summary**"",""weight"":""Bolder"",""size"":""Medium""},{""type"":""FactSet"",""facts"":[{""title"":""❌ Total Failed Assets:"",""value"":""{totalFailedAssets}""},{""title"":""🔍 Scan Reference ID:"",""value"":""{qualysScanReferenceId}""},{""title"":""🔄 Cycle ID:"",""value"":""{cycleId}""},{""title"":""📊 Asset Group:"",""value"":""{assetGroupName}""},{""title"":""📅 Scan Date:"",""value"":""{scanDate}""}]}]},{""type"":""Container"",""items"":[{""type"":""TextBlock"",""text"":""📋 **Reports & Support**"",""weight"":""Bolder"",""size"":""Medium""},{""type"":""TextBlock"",""text"":""Detailed Excel reports and support ticket have been automatically generated for Windows authentication failures."",""wrap"":true,""spacing"":""Small""}]}],""actions"":[{""type"":""Action.OpenUrl"",""title"":""📊 View Windows Failure Report"",""url"":""{authFailureReportUrl}""},{""type"":""Action.OpenUrl"",""title"":""🎫 View Windows Support Ticket"",""url"":""{ticketUrl}""}]}
",String,High,String,"<html><head><style>body{font-family:Arial,sans-serif;line-height:1.4;color:#333;max-width:700px;margin:0 auto;padding:20px}.header{background:#dc3545;color:#fff;padding:20px;text-align:center;border-radius:8px 8px 0 0}.content{background:#f9f9f9;padding:25px;border:1px solid #ddd;border-radius:0 0 8px 8px}.alert{background:#f8d7da;color:#721c24;padding:15px;border-radius:5px;border-left:4px solid #dc3545;margin:18px 0}.summary{background:#fff;padding:18px;margin:18px 0;border-left:4px solid #dc3545;border-radius:4px}.report-link{display:inline-block;background:#28a745;color:#fff;padding:10px 20px;text-decoration:none;border-radius:5px;font-weight:700;margin:10px 5px}.ticket-link{display:inline-block;background:#007bff;color:#fff;padding:10px 20px;text-decoration:none;border-radius:5px;font-weight:700;margin:10px 5px}.footer{background:#f1f1f1;padding:12px;text-align:center;font-size:11px;color:#666;border-radius:0 0 8px 8px}.badge{display:inline-block;padding:3px 8px;border-radius:12px;font-size:11px;font-weight:700;color:#fff}.error{background:#dc3545}.warning{background:#ffc107;color:#212529}.info{background:#17a2b8}</style></head><body><div class='header'><h1>⚠️ Windows Authentication Failures Detected</h1></div><div class='content'><div class='alert'><strong>⚠️ Action Required:</strong> Windows authentication failures were detected during the scan. Please review the reports and ticket for details.</div><div class='summary'><h3>📊 Error Summary</h3><ul><li><strong>Total Failed Assets:</strong> <span class='badge error'>{totalFailedAssets}</span></li><li><strong>Qualys Scan Reference ID:</strong> {qualysScanReferenceId}</li><li><strong>Cycle ID:</strong> {cycleId}</li><li><strong>Asset Group:</strong> {assetGroupName}</li><li><strong>Scan Date:</strong> {scanDate}</li></ul></div><div class='summary'><h3>📋 Detailed Reports</h3><p>Detailed Excel reports with all failed Windows assets have been generated and stored in SharePoint:</p><div style='text-align:center;margin:15px 0'><a href='{authFailureReportUrl}' class='report-link'>📊 View Windows Authentication Failure Report</a></div></div><div style='text-align:center;margin:25px 0'><h3>🎫 ServiceNow Ticket</h3><p>A support ticket has been automatically created for this Windows authentication failure:</p><a href='{ticketUrl}' class='ticket-link'>🔗 View Windows Ticket</a></div></div><div class='footer'><p>This is an automated notification from the Qualys Windows Authentication Monitoring System.</p><p><strong>Generated:</strong> {generatedDateTime} UTC</p></div></body></html>
",String,Authentication Scan Failures Detected for Windows,String,,,,
AuthScanning,AUTH-02,"{""type"":""AdaptiveCard"",""$schema"":""http://adaptivecards.io/schemas/adaptive-card.json"",""version"":""1.2"",""body"":[{""type"":""Container"",""style"":""attention"",""items"":[{""type"":""TextBlock"",""text"":""⚠️ Unix Authentication Failures Detected"",""size"":""Large"",""weight"":""Bolder"",""color"":""Attention"",""horizontalAlignment"":""Center""}]},{""type"":""Container"",""style"":""attention"",""items"":[{""type"":""TextBlock"",""text"":""**⚠️ Action Required:** Unix authentication failures were detected during the scan. Please review the reports and ticket for details."",""wrap"":true,""weight"":""Bolder""}]},{""type"":""Container"",""items"":[{""type"":""TextBlock"",""text"":""📊 **Error Summary**"",""weight"":""Bolder"",""size"":""Medium""},{""type"":""FactSet"",""facts"":[{""title"":""❌ Total Failed Assets:"",""value"":""{totalFailedAssets}""},{""title"":""🔍 Scan Reference ID:"",""value"":""{qualysScanReferenceId}""},{""title"":""🔄 Cycle ID:"",""value"":""{cycleId}""},{""title"":""📊 Asset Group:"",""value"":""{assetGroupName}""},{""title"":""📅 Scan Date:"",""value"":""{scanDate}""}]}]},{""type"":""Container"",""items"":[{""type"":""TextBlock"",""text"":""📋 **Reports & Support**"",""weight"":""Bolder"",""size"":""Medium""},{""type"":""TextBlock"",""text"":""Detailed Excel reports and support ticket have been automatically generated for Unix authentication failures."",""wrap"":true,""spacing"":""Small""}]}],""actions"":[{""type"":""Action.OpenUrl"",""title"":""📊 View Unix Failure Report"",""url"":""{authFailureReportUrl}""},{""type"":""Action.OpenUrl"",""title"":""🎫 View Unix Support Ticket"",""url"":""{ticketUrl}""}]}",String,High,String,"<html><head><style>body{font-family:Arial,sans-serif;line-height:1.4;color:#333;max-width:700px;margin:0 auto;padding:20px}.header{background:#dc3545;color:#fff;padding:20px;text-align:center;border-radius:8px 8px 0 0}.content{background:#f9f9f9;padding:25px;border:1px solid #ddd;border-radius:0 0 8px 8px}.alert{background:#f8d7da;color:#721c24;padding:15px;border-radius:5px;border-left:4px solid #dc3545;margin:18px 0}.summary{background:#fff;padding:18px;margin:18px 0;border-left:4px solid #dc3545;border-radius:4px}.report-link{display:inline-block;background:#28a745;color:#fff;padding:10px 20px;text-decoration:none;border-radius:5px;font-weight:700;margin:10px 5px}.ticket-link{display:inline-block;background:#007bff;color:#fff;padding:10px 20px;text-decoration:none;border-radius:5px;font-weight:700;margin:10px 5px}.footer{background:#f1f1f1;padding:12px;text-align:center;font-size:11px;color:#666;border-radius:0 0 8px 8px}.badge{display:inline-block;padding:3px 8px;border-radius:12px;font-size:11px;font-weight:700;color:#fff}.error{background:#dc3545}.warning{background:#ffc107;color:#212529}.info{background:#17a2b8}</style></head><body><div class='header'><h1>⚠️ Unix Authentication Failures Detected</h1></div><div class='content'><div class='alert'><strong>⚠️ Action Required:</strong> Unix authentication failures were detected during the scan. Please review the reports and ticket for details.</div><div class='summary'><h3>📊 Error Summary</h3><ul><li><strong>Total Failed Assets:</strong> <span class='badge error'>{totalFailedAssets}</span></li><li><strong>Qualys Scan Reference ID:</strong> {qualysScanReferenceId}</li><li><strong>Cycle ID:</strong> {cycleId}</li><li><strong>Asset Group:</strong> {assetGroupName}</li><li><strong>Scan Date:</strong> {scanDate}</li></ul></div><div class='summary'><h3>📋 Detailed Reports</h3><p>Detailed Excel reports with all failed Unix assets have been generated and stored in SharePoint:</p><div style='text-align:center;margin:15px 0'><a href='{authFailureReportUrl}' class='report-link'>📊 View Unix Authentication Failure Report</a></div></div><div style='text-align:center;margin:25px 0'><h3>🎫 ServiceNow Ticket</h3><p>A support ticket has been automatically created for this Unix authentication failure:</p><a href='{ticketUrl}' class='ticket-link'>🔗 View Unix Ticket</a></div></div><div class='footer'><p>This is an automated notification from the Qualys Unix Authentication Monitoring System.</p><p><strong>Generated:</strong> {generatedDateTime} UTC</p></div></body></html>",String,Authentication Scan Failures Detected for Unix,String,,,,
AuthScanning,AUTH-03,"{""type"":""AdaptiveCard"",""$schema"":""http://adaptivecards.io/schemas/adaptive-card.json"",""version"":""1.2"",""body"":[{""type"":""Container"",""style"":""attention"",""items"":[{""type"":""TextBlock"",""text"":""⚠️ MeyDiageo Authentication Failures Detected"",""size"":""Large"",""weight"":""Bolder"",""color"":""Attention"",""horizontalAlignment"":""Center""}]},{""type"":""Container"",""style"":""attention"",""items"":[{""type"":""TextBlock"",""text"":""**⚠️ Action Required:** MeyDiageo authentication failures were detected during the scan. Please review the reports and ticket for details."",""wrap"":true,""weight"":""Bolder""}]},{""type"":""Container"",""items"":[{""type"":""TextBlock"",""text"":""📊 **Error Summary**"",""weight"":""Bolder"",""size"":""Medium""},{""type"":""FactSet"",""facts"":[{""title"":""❌ Total Failed Assets:"",""value"":""{totalFailedAssets}""},{""title"":""🔍 Scan Reference ID:"",""value"":""{qualysScanReferenceId}""},{""title"":""🔄 Cycle ID:"",""value"":""{cycleId}""},{""title"":""📊 Asset Group:"",""value"":""{assetGroupName}""},{""title"":""📅 Scan Date:"",""value"":""{scanDate}""}]}]},{""type"":""Container"",""items"":[{""type"":""TextBlock"",""text"":""📋 **Reports & Support**"",""weight"":""Bolder"",""size"":""Medium""},{""type"":""TextBlock"",""text"":""Detailed Excel reports and support ticket have been automatically generated for MeyDiageo authentication failures."",""wrap"":true,""spacing"":""Small""}]}],""actions"":[{""type"":""Action.OpenUrl"",""title"":""📊 View MeyDiageo Failure Report"",""url"":""{authFailureReportUrl}""},{""type"":""Action.OpenUrl"",""title"":""🎫 View MeyDiageo Support Ticket"",""url"":""{ticketUrl}""}]}",String,High,String,"<html><head><style>body{font-family:Arial,sans-serif;line-height:1.4;color:#333;max-width:700px;margin:0 auto;padding:20px}.header{background:#dc3545;color:#fff;padding:20px;text-align:center;border-radius:8px 8px 0 0}.content{background:#f9f9f9;padding:25px;border:1px solid #ddd;border-radius:0 0 8px 8px}.alert{background:#f8d7da;color:#721c24;padding:15px;border-radius:5px;border-left:4px solid #dc3545;margin:18px 0}.summary{background:#fff;padding:18px;margin:18px 0;border-left:4px solid #dc3545;border-radius:4px}.report-link{display:inline-block;background:#28a745;color:#fff;padding:10px 20px;text-decoration:none;border-radius:5px;font-weight:700;margin:10px 5px}.ticket-link{display:inline-block;background:#007bff;color:#fff;padding:10px 20px;text-decoration:none;border-radius:5px;font-weight:700;margin:10px 5px}.footer{background:#f1f1f1;padding:12px;text-align:center;font-size:11px;color:#666;border-radius:0 0 8px 8px}.badge{display:inline-block;padding:3px 8px;border-radius:12px;font-size:11px;font-weight:700;color:#fff}.error{background:#dc3545}.warning{background:#ffc107;color:#212529}.info{background:#17a2b8}</style></head><body><div class='header'><h1>⚠️ MeyDiageo Authentication Failures Detected</h1></div><div class='content'><div class='alert'><strong>⚠️ Action Required:</strong> MeyDiageo authentication failures were detected during the scan. Please review the reports and ticket for details.</div><div class='summary'><h3>📊 Error Summary</h3><ul><li><strong>Total Failed Assets:</strong> <span class='badge error'>{totalFailedAssets}</span></li><li><strong>Qualys Scan Reference ID:</strong> {qualysScanReferenceId}</li><li><strong>Cycle ID:</strong> {cycleId}</li><li><strong>Asset Group:</strong> {assetGroupName}</li><li><strong>Scan Date:</strong> {scanDate}</li></ul></div><div class='summary'><h3>📋 Detailed Reports</h3><p>Detailed Excel reports with all failed MeyDiageo assets have been generated and stored in SharePoint:</p><div style='text-align:center;margin:15px 0'><a href='{authFailureReportUrl}' class='report-link'>📊 View MeyDiageo Authentication Failure Report</a></div></div><div style='text-align:center;margin:25px 0'><h3>🎫 ServiceNow Ticket</h3><p>A support ticket has been automatically created for this MeyDiageo authentication failure:</p><a href='{ticketUrl}' class='ticket-link'>🔗 View MeyDiageo Ticket</a></div></div><div class='footer'><p>This is an automated notification from the Qualys MeyDiageo Authentication Monitoring System.</p><p><strong>Generated:</strong> {generatedDateTime} UTC</p></div></body></html>",String,Authentication Scan Failures Detected for MeyDiageo,String,,,,
AuthScanning,AUTH-04,"{""type"":""AdaptiveCard"",""$schema"":""http://adaptivecards.io/schemas/adaptive-card.json"",""version"":""1.2"",""body"":[{""type"":""Container"",""style"":""attention"",""items"":[{""type"":""TextBlock"",""text"":""⚠️ Other System Authentication Failures Detected"",""size"":""Large"",""weight"":""Bolder"",""color"":""Attention"",""horizontalAlignment"":""Center""}]},{""type"":""Container"",""style"":""attention"",""items"":[{""type"":""TextBlock"",""text"":""**⚠️ Action Required:** Authentication failures were detected during the scan on miscellaneous systems. Please review the reports and ticket for details."",""wrap"":true,""weight"":""Bolder""}]},{""type"":""Container"",""items"":[{""type"":""TextBlock"",""text"":""📊 **Error Summary**"",""weight"":""Bolder"",""size"":""Medium""},{""type"":""FactSet"",""facts"":[{""title"":""❌ Total Failed Assets:"",""value"":""{totalFailedAssets}""},{""title"":""🔍 Scan Reference ID:"",""value"":""{qualysScanReferenceId}""},{""title"":""🔄 Cycle ID:"",""value"":""{cycleId}""},{""title"":""📊 Asset Group:"",""value"":""{assetGroupName}""},{""title"":""📅 Scan Date:"",""value"":""{scanDate}""}]}]},{""type"":""Container"",""items"":[{""type"":""TextBlock"",""text"":""📋 **Reports & Support**"",""weight"":""Bolder"",""size"":""Medium""},{""type"":""TextBox"",""text"":""Detailed Excel reports and support ticket have been automatically generated for miscellaneous system authentication failures."",""wrap"":true,""spacing"":""Small""}]}],""actions"":[{""type"":""Action.OpenUrl"",""title"":""📊 View Other Systems Report"",""url"":""{authFailureReportUrl}""},{""type"":""Action.OpenUrl"",""title"":""🎫 View Support Ticket"",""url"":""{ticketUrl}""}]}",String,High,String,"<html><head><style>body{font-family:Arial,sans-serif;line-height:1.4;color:#333;max-width:700px;margin:0 auto;padding:20px}.header{background:#dc3545;color:#fff;padding:20px;text-align:center;border-radius:8px 8px 0 0}.content{background:#f9f9f9;padding:25px;border:1px solid #ddd;border-radius:0 0 8px 8px}.alert{background:#f8d7da;color:#721c24;padding:15px;border-radius:5px;border-left:4px solid #dc3545;margin:18px 0}.summary{background:#fff;padding:18px;margin:18px 0;border-left:4px solid #dc3545;border-radius:4px}.report-link{display:inline-block;background:#28a745;color:#fff;padding:10px 20px;text-decoration:none;border-radius:5px;font-weight:700;margin:10px 5px}.ticket-link{display:inline-block;background:#007bff;color:#fff;padding:10px 20px;text-decoration:none;border-radius:5px;font-weight:700;margin:10px 5px}.footer{background:#f1f1f1;padding:12px;text-align:center;font-size:11px;color:#666;border-radius:0 0 8px 8px}.badge{display:inline-block;padding:3px 8px;border-radius:12px;font-size:11px;font-weight:700;color:#fff}.error{background:#dc3545}.warning{background:#ffc107;color:#212529}.info{background:#17a2b8}</style></head><body><div class='header'><h1>⚠️ Other System Authentication Failures Detected</h1></div><div class='content'><div class='alert'><strong>⚠️ Action Required:</strong> Authentication failures were detected during the scan on miscellaneous systems. Please review the reports and ticket for details.</div><div class='summary'><h3>📊 Error Summary</h3><ul><li><strong>Total Failed Assets:</strong> <span class='badge error'>{totalFailedAssets}</span></li><li><strong>Qualys Scan Reference ID:</strong> {qualysScanReferenceId}</li><li><strong>Cycle ID:</strong> {cycleId}</li><li><strong>Asset Group:</strong> {assetGroupName}</li><li><strong>Scan Date:</strong> {scanDate}</li></ul></div><div class='summary'><h3>📋 Detailed Reports</h3><p>Detailed Excel reports with all failed miscellaneous assets have been generated and stored in SharePoint:</p><div style='text-align:center;margin:15px 0'><a href='{authFailureReportUrl}' class='report-link'>📊 View Other Systems Authentication Report</a></div></div><div style='text-align:center;margin:25px 0'><h3>🎫 ServiceNow Ticket</h3><p>A support ticket has been automatically created for these authentication failures:</p><a href='{ticketUrl}' class='ticket-link'>🔗 View Support Ticket</a></div></div><div class='footer'><p>This is an automated notification from the Qualys Authentication Monitoring System.</p><p><strong>Generated:</strong> {generatedDateTime} UTC</p></div></body></html>",String,Authentication Scan Failures Detected for Others,String,,,,
AuthScanning,AUTH-05,"{""type"":""AdaptiveCard"",""$schema"":""http://adaptivecards.io/schemas/adaptive-card.json"",""version"":""1.2"",""body"":[{""type"":""Container"",""style"":""good"",""items"":[{""type"":""TextBlock"",""text"":""✅ Scan Completed Successfully"",""size"":""Large"",""weight"":""Bolder"",""color"":""Good"",""horizontalAlignment"":""Center""}]},{""type"":""Container"",""items"":[{""type"":""TextBlock"",""text"":""The authenticated security scan for cycle **{cycleId}** has successfully completed."",""wrap"":true,""horizontalAlignment"":""Center"",""weight"":""Bolder""}]},{""type"":""Container"",""items"":[{""type"":""TextBlock"",""text"":""Automated notification from Qualys Security Scanning System\n\nCompleted: {completedDateTime} UTC"",""wrap"":true,""horizontalAlignment"":""Center"",""spacing"":""Medium""}]}],""actions"":[]}",String,High,String,"<html><head><style>body{font-family:Arial,sans-serif;line-height:1.6;color:#333;max-width:500px;margin:0 auto;padding:20px;}.header{background:#28a745;color:white;padding:20px;text-align:center;border-radius:8px 8px 0 0;}.content{background:#f9f9f9;padding:30px;border:1px solid #ddd;border-radius:0 0 8px 8px;}.success-message{background:#d4edda;color:#155724;padding:20px;border-radius:5px;border-left:4px solid #28a745;text-align:center;font-size:16px;font-weight:500;}.cycle-badge{background:#007bff;color:white;padding:6px 12px;border-radius:15px;font-size:14px;font-weight:600;margin:0 5px;}.footer{background:#f1f1f1;padding:15px;text-align:center;font-size:12px;color:#666;margin-top:20px;border-radius:5px;}</style></head><body><div class='header'><h1>✅ Scan Completed Successfully</h1></div><div class='content'><div class='success-message'>The authenticated security scan for cycle <span class='cycle-badge'>{cycleId}</span> has successfully completed.</div><div class='footer'>Automated notification from Qualys Security Scanning System<br><strong>Completed:</strong> {completedDateTime} UTC</div></div></body></html>",String,Authenticated Scan Completed - {cycleId},String,,,,
AuthScanning,AUTH-06,"{""type"":""AdaptiveCard"",""$schema"":""http://adaptivecards.io/schemas/adaptive-card.json"",""version"":""1.2"",""body"":[{""type"":""Container"",""style"":""warning"",""items"":[{""type"":""TextBlock"",""text"":""⚠️ Windows Host Not Alive Detected"",""size"":""Large"",""weight"":""Bolder"",""color"":""Warning"",""horizontalAlignment"":""Center""}]},{""type"":""Container"",""style"":""warning"",""items"":[{""type"":""TextBlock"",""text"":""**⚠️ Action Required:** Windows Host Not Alive failures were detected during the scan. Please review the reports and ticket for details."",""wrap"":true,""weight"":""Bolder""}]},{""type"":""Container"",""items"":[{""type"":""TextBlock"",""text"":""📊 **Scan Information**"",""weight"":""Bolder"",""size"":""Medium""},{""type"":""FactSet"",""facts"":[{""title"":""⏰ Scan Timestamp:"",""value"":""{scanTimestamp}""},{""title"":""🔍 Scan Reference ID:"",""value"":""{qualysScanReferenceId}""},{""title"":""❌ Total Unreachable Hosts:"",""value"":""{totalUnreachableHosts}""}]}]},{""type"":""Container"",""style"":""emphasis"",""items"":[{""type"":""TextBlock"",""text"":""🖥️ **Host Breakdown by OS Type**"",""weight"":""Bolder"",""color"":""Accent""},{""type"":""ColumnSet"",""columns"":[{""type"":""Column"",""width"":""stretch"",""items"":[{""type"":""TextBlock"",""text"":""{windowsHostsCount}"",""weight"":""Bolder"",""horizontalAlignment"":""Center"",""size"":""Large"",""color"":""Warning""},{""type"":""TextBlock"",""text"":""Windows Hosts"",""horizontalAlignment"":""Center"",""size"":""Small"",""isSubtle"":true}]},{""type"":""Column"",""width"":""stretch"",""items"":[{""type"":""TextBlock"",""text"":""{unixHostsCount}"",""weight"":""Bolder"",""horizontalAlignment"":""Center"",""size"":""Large"",""color"":""Accent""},{""type"":""TextBlock"",""text"":""Unix/Linux Hosts"",""horizontalAlignment"":""Center"",""size"":""Small"",""isSubtle"":true}]},{""type"":""Column"",""width"":""stretch"",""items"":[{""type"":""TextBlock"",""text"":""{unknownHostsCount}"",""weight"":""Bolder"",""horizontalAlignment"":""Center"",""size"":""Large""},{""type"":""TextBlock"",""text"":""Unknown OS"",""horizontalAlignment"":""Center"",""size"":""Small"",""isSubtle"":true}]}]}]},{""type"":""Container"",""items"":[{""type"":""TextBlock"",""text"":""📋 **Reports & Support**"",""weight"":""Bolder"",""size"":""Medium""},{""type"":""TextBlock"",""text"":""A detailed Excel report with all unreachable Windows hosts has been generated and support ticket created."",""wrap"":true,""spacing"":""Small""}]}],""actions"":[{""type"":""Action.OpenUrl"",""title"":""📊 View Host Not Alive Report"",""url"":""{hostNotAliveReportUrl}""},{""type"":""Action.OpenUrl"",""title"":""🎫 View Support Ticket"",""url"":""{ticketUrl}""}]}",String,High,String,"<html><head><style>body{font-family:Arial,sans-serif;line-height:1.4;color:#333;max-width:700px;margin:0 auto;padding:20px}.header{background:#fd7e14;color:#fff;padding:20px;text-align:center;border-radius:8px 8px 0 0}.content{background:#f9f9f9;padding:25px;border:1px solid #ddd;border-radius:0 0 8px 8px}.alert{background:#fff3cd;color:#856404;padding:15px;border-radius:5px;border-left:4px solid #ffc107;margin:18px 0}.summary{background:#fff;padding:18px;margin:18px 0;border-left:4px solid #fd7e14;border-radius:4px}.host-breakdown{background:#e3f2fd;padding:15px;border-radius:5px;border-left:4px solid #2196f3;margin:18px 0}.report-link{display:inline-block;background:#28a745;color:#fff;padding:10px 20px;text-decoration:none;border-radius:5px;font-weight:700;margin:10px 5px}.ticket-link{display:inline-block;background:#007bff;color:#fff;padding:10px 20px;text-decoration:none;border-radius:5px;font-weight:700;margin:10px 5px}.footer{background:#f1f1f1;padding:12px;text-align:center;font-size:11px;color:#666;border-radius:0 0 8px 8px}.badge{display:inline-block;padding:3px 8px;border-radius:12px;font-size:11px;font-weight:700;color:#fff}.warning{background:#fd7e14}.error{background:#dc3545}.info{background:#17a2b8}.count{background:#6c757d}</style></head><body><div class='header'><h1>⚠️ Windows Host Not Alive Detected</h1></div><div class='content'><div class='alert'><strong>⚠️ Action Required:</strong> Windows Host Not Alive failures were detected during the scan. Please review the reports and ticket for details.</div><div class='summary'><h3>📊 Scan Information</h3><ul><li><strong>Scan Timestamp:</strong> {scanTimestamp}</li><li><strong>Qualys Scan Reference ID:</strong> {qualysScanReferenceId}</li><li><strong>Total Unreachable Hosts:</strong> <span class='badge error'>{totalUnreachableHosts}</span></li></ul></div><div class='host-breakdown'><h3>🖥️ Host Breakdown by OS Type</h3><ul><li><strong>Windows Hosts:</strong> <span class='badge warning'>{windowsHostsCount}</span></li><li><strong>Unix/Linux Hosts:</strong> <span class='badge info'>{unixHostsCount}</span></li><li><strong>Hosts with Unknown OS:</strong> <span class='badge count'>{unknownHostsCount}</span></li></ul></div><div class='summary'><h3>📋 Detailed Reports</h3><p>A detailed Excel report with all unreachable Windows hosts has been generated and stored in SharePoint:</p><div style='text-align:center;margin:15px 0'><a href='{hostNotAliveReportUrl}' class='report-link'>📊 View Host Not Alive Report</a></div></div><div style='text-align:center;margin:25px 0'><h3>🎫 ServiceNow Ticket</h3><p>A support ticket has been automatically created for these host connectivity issues:</p><a href='{ticketUrl}' class='ticket-link'>🔗 View Ticket</a></div></div><div class='footer'><p>This is an automated notification from the Qualys Host Connectivity Monitoring System.</p><p><strong>Generated:</strong> {generatedDateTime} UTC</p></div></body></html>
",String,Windows Host Not Alive Failures Detected,String,,,,
AuthScanning,AUTH-07,"{""type"":""AdaptiveCard"",""$schema"":""http://adaptivecards.io/schemas/adaptive-card.json"",""version"":""1.2"",""body"":[{""type"":""Container"",""style"":""warning"",""items"":[{""type"":""TextBlock"",""text"":""⚠️ MeyDiageo Host Not Alive Detected"",""size"":""Large"",""weight"":""Bolder"",""color"":""Warning"",""horizontalAlignment"":""Center""}]},{""type"":""Container"",""style"":""warning"",""items"":[{""type"":""TextBlock"",""text"":""**⚠️ Action Required:** MeyDiageo Host Not Alive failures were detected during the scan. Please review the reports and ticket for details."",""wrap"":true,""weight"":""Bolder""}]},{""type"":""Container"",""items"":[{""type"":""TextBlock"",""text"":""📊 **Scan Information**"",""weight"":""Bolder"",""size"":""Medium""},{""type"":""FactSet"",""facts"":[{""title"":""⏰ Scan Timestamp:"",""value"":""{scanTimestamp}""},{""title"":""🔍 Scan Reference ID:"",""value"":""{qualysScanReferenceId}""},{""title"":""❌ Total Unreachable Hosts:"",""value"":""{totalUnreachableHosts}""}]}]},{""type"":""Container"",""items"":[{""type"":""TextBlock"",""text"":""📋 **Reports & Support**"",""weight"":""Bolder"",""size"":""Medium""},{""type"":""TextBlock"",""text"":""A detailed Excel report with all unreachable MeyDiageo hosts has been generated and support ticket created."",""wrap"":true,""spacing"":""Small""}]}],""actions"":[{""type"":""Action.OpenUrl"",""title"":""📊 View MeyDiageo Host Report"",""url"":""{hostNotAliveReportUrl}""},{""type"":""Action.OpenUrl"",""title"":""🎫 View MeyDiageo Ticket"",""url"":""{ticketUrl}""}]}",String,High,String,"<html><head><style>body{font-family:Arial,sans-serif;line-height:1.4;color:#333;max-width:700px;margin:0 auto;padding:20px}.header{background:#fd7e14;color:#fff;padding:20px;text-align:center;border-radius:8px 8px 0 0}.content{background:#f9f9f9;padding:25px;border:1px solid #ddd;border-radius:0 0 8px 8px}.alert{background:#fff3cd;color:#856404;padding:15px;border-radius:5px;border-left:4px solid #ffc107;margin:18px 0}.summary{background:#fff;padding:18px;margin:18px 0;border-left:4px solid #fd7e14;border-radius:4px}.report-link{display:inline-block;background:#28a745;color:#fff;padding:10px 20px;text-decoration:none;border-radius:5px;font-weight:700;margin:10px 5px}.ticket-link{display:inline-block;background:#007bff;color:#fff;padding:10px 20px;text-decoration:none;border-radius:5px;font-weight:700;margin:10px 5px}.footer{background:#f1f1f1;padding:12px;text-align:center;font-size:11px;color:#666;border-radius:0 0 8px 8px}.badge{display:inline-block;padding:3px 8px;border-radius:12px;font-size:11px;font-weight:700;color:#fff}.error{background:#dc3545}.mey-diageo{background:#6f42c1}</style></head><body><div class='header'><h1>⚠️ MeyDiageo Host Not Alive Detected</h1></div><div class='content'><div class='alert'><strong>⚠️ Action Required:</strong> MeyDiageo Host Not Alive failures were detected during the scan. Please review the reports and ticket for details.</div><div class='summary'><h3>📊 Scan Information</h3><ul><li><strong>Scan Timestamp:</strong> {scanTimestamp}</li><li><strong>Qualys Scan Reference ID:</strong> {qualysScanReferenceId}</li><li><strong>Total Unreachable Hosts:</strong> <span class='badge error'>{totalUnreachableHosts}</span></li></ul></div><div class='summary'><h3>📋 Detailed Reports</h3><p>A detailed Excel report with all unreachable MeyDiageo hosts has been generated and stored in SharePoint:</p><div style='text-align:center;margin:15px 0'><a href='{hostNotAliveReportUrl}' class='report-link'>📊 View MeyDiageo Host Not Alive Report</a></div></div><div style='text-align:center;margin:25px 0'><h3>🎫 ServiceNow Ticket</h3><p>A support ticket has been automatically created for these MeyDiageo host connectivity issues:</p><a href='{ticketUrl}' class='ticket-link'>🔗 View MeyDiageo Ticket</a></div></div><div class='footer'><p>This is an automated notification from the Qualys Host Connectivity Monitoring System.</p><p><strong>Generated:</strong> {generatedDateTime} UTC</p></div></body></html>",String,MeyDiageo Host Not Alive Failures Detected,String,,,,
AuthScanning,AUTH-08,"{""type"":""AdaptiveCard"",""$schema"":""http://adaptivecards.io/schemas/adaptive-card.json"",""version"":""1.2"",""body"":[{""type"":""Container"",""style"":""default"",""items"":[{""type"":""TextBlock"",""text"":""❓ Unknown Host Not Alive Detected"",""size"":""Large"",""weight"":""Bolder"",""horizontalAlignment"":""Center""}]},{""type"":""Container"",""style"":""default"",""items"":[{""type"":""TextBlock"",""text"":""**❓ Action Required:** Unknown Host Not Alive failures were detected during the scan. Please review the reports and ticket for details."",""wrap"":true,""weight"":""Bolder""}]},{""type"":""Container"",""items"":[{""type"":""TextBlock"",""text"":""📊 **Scan Information**"",""weight"":""Bolder"",""size"":""Medium""},{""type"":""FactSet"",""facts"":[{""title"":""⏰ Scan Timestamp:"",""value"":""{scanTimestamp}""},{""title"":""🔍 Scan Reference ID:"",""value"":""{qualysScanReferenceId}""},{""title"":""❌ Total Unreachable Hosts:"",""value"":""{totalUnreachableHosts}""}]}]},{""type"":""Container"",""style"":""emphasis"",""items"":[{""type"":""TextBlock"",""text"":""🖥️ **Host Breakdown by OS Type**"",""weight"":""Bolder"",""color"":""Accent""},{""type"":""ColumnSet"",""columns"":[{""type"":""Column"",""width"":""stretch"",""items"":[{""type"":""TextBlock"",""text"":""{windowsHostsCount}"",""weight"":""Bolder"",""horizontalAlignment"":""Center"",""size"":""Large"",""color"":""Warning""},{""type"":""TextBlock"",""text"":""Windows Hosts"",""horizontalAlignment"":""Center"",""size"":""Small"",""isSubtle"":true}]},{""type"":""Column"",""width"":""stretch"",""items"":[{""type"":""TextBlock"",""text"":""{unixHostsCount}"",""weight"":""Bolder"",""horizontalAlignment"":""Center"",""size"":""Large"",""color"":""Accent""},{""type"":""TextBlock"",""text"":""Unix/Linux Hosts"",""horizontalAlignment"":""Center"",""size"":""Small"",""isSubtle"":true}]},{""type"":""Column"",""width"":""stretch"",""items"":[{""type"":""TextBlock"",""text"":""{unknownHostsCount}"",""weight"":""Bolder"",""horizontalAlignment"":""Center"",""size"":""Large""},{""type"":""TextBlock"",""text"":""Unknown OS"",""horizontalAlignment"":""Center"",""size"":""Small"",""isSubtle"":true}]}]}]},{""type"":""Container"",""items"":[{""type"":""TextBlock"",""text"":""📋 **Reports & Support**"",""weight"":""Bolder"",""size"":""Medium""},{""type"":""TextBlock"",""text"":""A detailed Excel report with all unreachable hosts with unknown OS has been generated and support ticket created."",""wrap"":true,""spacing"":""Small""}]}],""actions"":[{""type"":""Action.OpenUrl"",""title"":""📊 View Unknown Host Report"",""url"":""{hostNotAliveReportUrl}""},{""type"":""Action.OpenUrl"",""title"":""🔗 View Unknown Host Ticket"",""url"":""{ticketUrl}""}]}",String,High,String,"<html><head><style>body{font-family:Arial,sans-serif;line-height:1.4;color:#333;max-width:700px;margin:0 auto;padding:20px}.header{background:#6c757d;color:#fff;padding:20px;text-align:center;border-radius:8px 8px 0 0}.content{background:#f9f9f9;padding:25px;border:1px solid #ddd;border-radius:0 0 8px 8px}.alert{background:#e2e3e5;color:#383d41;padding:15px;border-radius:5px;border-left:4px solid #6c757d;margin:18px 0}.summary{background:#fff;padding:18px;margin:18px 0;border-left:4px solid #6c757d;border-radius:4px}.host-breakdown{background:#e3f2fd;padding:15px;border-radius:5px;border-left:4px solid #2196f3;margin:18px 0}.report-link{display:inline-block;background:#28a745;color:#fff;padding:10px 20px;text-decoration:none;border-radius:5px;font-weight:700;margin:10px 5px}.ticket-link{display:inline-block;background:#007bff;color:#fff;padding:10px 20px;text-decoration:none;border-radius:5px;font-weight:700;margin:10px 5px}.footer{background:#f1f1f1;padding:12px;text-align:center;font-size:11px;color:#666;border-radius:0 0 8px 8px}.badge{display:inline-block;padding:3px 8px;border-radius:12px;font-size:11px;font-weight:700;color:#fff}.warning{background:#fd7e14}.error{background:#dc3545}.info{background:#17a2b8}.unknown{background:#6c757d}</style></head><body><div class='header'><h1>❓ Unknown Host Not Alive Detected</h1></div><div class='content'><div class='alert'><strong>❓ Action Required:</strong> Unknown Host Not Alive failures were detected during the scan. Please review the reports and ticket for details.</div><div class='summary'><h3>📊 Scan Information</h3><ul><li><strong>Scan Timestamp:</strong> {scanTimestamp}</li><li><strong>Qualys Scan Reference ID:</strong> {qualysScanReferenceId}</li><li><strong>Total Unreachable Hosts:</strong> <span class='badge error'>{totalUnreachableHosts}</span></li></ul></div><div class='host-breakdown'><h3>🖥️ Host Breakdown by OS Type</h3><ul><li><strong>Windows Hosts:</strong> <span class='badge warning'>{windowsHostsCount}</span></li><li><strong>Unix/Linux Hosts:</strong> <span class='badge info'>{unixHostsCount}</span></li><li><strong>Hosts with Unknown OS:</strong> <span class='badge unknown'>{unknownHostsCount}</span></li></ul></div><div class='summary'><h3>📋 Detailed Reports</h3><p>A detailed Excel report with all unreachable hosts with unknown OS has been generated and stored in SharePoint:</p><div style='text-align:center;margin:15px 0'><a href='{hostNotAliveReportUrl}' class='report-link'>📊 View Unknown Host Not Alive Report</a></div></div><div style='text-align:center;margin:25px 0'><h3>🎫 ServiceNow Ticket</h3><p>A support ticket has been automatically created for these unknown host connectivity issues:</p><a href='{ticketUrl}' class='ticket-link'>🔗 View Unknown Host Ticket</a></div></div><div class='footer'><p>This is an automated notification from the Qualys Host Connectivity Monitoring System.</p><p><strong>Generated:</strong> {generatedDateTime} UTC</p></div></body></html>",String,Unknown Host Not Alive Failures Detected,String,,,,
AuthScanning,AUTH-09,"{""type"":""AdaptiveCard"",""$schema"":""http://adaptivecards.io/schemas/adaptive-card.json"",""version"":""1.2"",""body"":[{""type"":""Container"",""style"":""emphasis"",""items"":[{""type"":""TextBlock"",""text"":""🐧 Unix Host Not Alive Detected"",""size"":""Large"",""weight"":""Bolder"",""color"":""Accent"",""horizontalAlignment"":""Center""}]},{""type"":""Container"",""style"":""emphasis"",""items"":[{""type"":""TextBlock"",""text"":""**🐧 Action Required:** Unix Host Not Alive failures were detected during the scan. Please review the reports and ticket for details."",""wrap"":true,""weight"":""Bolder""}]},{""type"":""Container"",""items"":[{""type"":""TextBlock"",""text"":""📊 **Scan Information**"",""weight"":""Bolder"",""size"":""Medium""},{""type"":""FactSet"",""facts"":[{""title"":""⏰ Scan Timestamp:"",""value"":""{scanTimestamp}""},{""title"":""🔍 Scan Reference ID:"",""value"":""{qualysScanReferenceId}""},{""title"":""❌ Total Unreachable Hosts:"",""value"":""{totalUnreachableHosts}""}]}]},{""type"":""Container"",""style"":""emphasis"",""items"":[{""type"":""TextBlock"",""text"":""🖥️ **Host Breakdown by OS Type**"",""weight"":""Bolder"",""color"":""Accent""},{""type"":""ColumnSet"",""columns"":[{""type"":""Column"",""width"":""stretch"",""items"":[{""type"":""TextBlock"",""text"":""{windowsHostsCount}"",""weight"":""Bolder"",""horizontalAlignment"":""Center"",""size"":""Large"",""color"":""Warning""},{""type"":""TextBlock"",""text"":""Windows Hosts"",""horizontalAlignment"":""Center"",""size"":""Small"",""isSubtle"":true}]},{""type"":""Column"",""width"":""stretch"",""items"":[{""type"":""TextBlock"",""text"":""{unixHostsCount}"",""weight"":""Bolder"",""horizontalAlignment"":""Center"",""size"":""Large"",""color"":""Accent""},{""type"":""TextBlock"",""text"":""Unix/Linux Hosts"",""horizontalAlignment"":""Center"",""size"":""Small"",""isSubtle"":true}]},{""type"":""Column"",""width"":""stretch"",""items"":[{""type"":""TextBlock"",""text"":""{unknownHostsCount}"",""weight"":""Bolder"",""horizontalAlignment"":""Center"",""size"":""Large""},{""type"":""TextBlock"",""text"":""Unknown OS"",""horizontalAlignment"":""Center"",""size"":""Small"",""isSubtle"":true}]}]}]},{""type"":""Container"",""items"":[{""type"":""TextBlock"",""text"":""📋 **Reports & Support**"",""weight"":""Bolder"",""size"":""Medium""},{""type"":""TextBlock"",""text"":""A detailed Excel report with all unreachable Unix hosts has been generated and support ticket created."",""wrap"":true,""spacing"":""Small""}]}],""actions"":[{""type"":""Action.OpenUrl"",""title"":""📊 View Unix Host Report"",""url"":""{hostNotAliveReportUrl}""},{""type"":""Action.OpenUrl"",""title"":""🔗 View Unix Ticket"",""url"":""{ticketUrl}""}]}",String,High,String,"<html><head><style>body{font-family:Arial,sans-serif;line-height:1.4;color:#333;max-width:700px;margin:0 auto;padding:20px}.header{background:#17a2b8;color:#fff;padding:20px;text-align:center;border-radius:8px 8px 0 0}.content{background:#f9f9f9;padding:25px;border:1px solid #ddd;border-radius:0 0 8px 8px}.alert{background:#d1ecf1;color:#0c5460;padding:15px;border-radius:5px;border-left:4px solid #17a2b8;margin:18px 0}.summary{background:#fff;padding:18px;margin:18px 0;border-left:4px solid #17a2b8;border-radius:4px}.host-breakdown{background:#e3f2fd;padding:15px;border-radius:5px;border-left:4px solid #2196f3;margin:18px 0}.report-link{display:inline-block;background:#28a745;color:#fff;padding:10px 20px;text-decoration:none;border-radius:5px;font-weight:700;margin:10px 5px}.ticket-link{display:inline-block;background:#007bff;color:#fff;padding:10px 20px;text-decoration:none;border-radius:5px;font-weight:700;margin:10px 5px}.footer{background:#f1f1f1;padding:12px;text-align:center;font-size:11px;color:#666;border-radius:0 0 8px 8px}.badge{display:inline-block;padding:3px 8px;border-radius:12px;font-size:11px;font-weight:700;color:#fff}.warning{background:#fd7e14}.error{background:#dc3545}.unix{background:#17a2b8}.unknown{background:#6c757d}</style></head><body><div class='header'><h1>🐧 Unix Host Not Alive Detected</h1></div><div class='content'><div class='alert'><strong>🐧 Action Required:</strong> Unix Host Not Alive failures were detected during the scan. Please review the reports and ticket for details.</div><div class='summary'><h3>📊 Scan Information</h3><ul><li><strong>Scan Timestamp:</strong> {scanTimestamp}</li><li><strong>Qualys Scan Reference ID:</strong> {qualysScanReferenceId}</li><li><strong>Total Unreachable Hosts:</strong> <span class='badge error'>{totalUnreachableHosts}</span></li></ul></div><div class='host-breakdown'><h3>🖥️ Host Breakdown by OS Type</h3><ul><li><strong>Windows Hosts:</strong> <span class='badge warning'>{windowsHostsCount}</span></li><li><strong>Unix/Linux Hosts:</strong> <span class='badge unix'>{unixHostsCount}</span></li><li><strong>Hosts with Unknown OS:</strong> <span class='badge unknown'>{unknownHostsCount}</span></li></ul></div><div class='summary'><h3>📋 Detailed Reports</h3><p>A detailed Excel report with all unreachable Unix hosts has been generated and stored in SharePoint:</p><div style='text-align:center;margin:15px 0'><a href='{hostNotAliveReportUrl}' class='report-link'>📊 View Unix Host Not Alive Report</a></div></div><div style='text-align:center;margin:25px 0'><h3>🎫 ServiceNow Ticket</h3><p>A support ticket has been automatically created for these Unix host connectivity issues:</p><a href='{ticketUrl}' class='ticket-link'>🔗 View Unix Ticket</a></div></div><div class='footer'><p>This is an automated notification from the Qualys Host Connectivity Monitoring System.</p><p><strong>Generated:</strong> {generatedDateTime} UTC</p></div></body></html>",String,Unix Host Not Alive Failures Detected,String,,,,
CMDB-Upload-Reminder,CMDB-01,"{""type"":""AdaptiveCard"",""$schema"":""http://adaptivecards.io/schemas/adaptive-card.json"",""version"":""1.2"",""body"":[{""type"":""Container"",""style"":""emphasis"",""items"":[{""type"":""TextBlock"",""text"":""📋 Monthly CMDB File Upload Reminder"",""size"":""Large"",""weight"":""Bolder"",""color"":""Accent"",""horizontalAlignment"":""Center""}]},{""type"":""Container"",""style"":""good"",""items"":[{""type"":""TextBlock"",""text"":""⏰ **Reminder:** Your monthly CMDB file upload is due in **7 days** (by **{dueDate}**)."",""wrap"":true,""weight"":""Bolder""}]},{""type"":""Container"",""items"":[{""type"":""TextBlock"",""text"":""📁 **Required File Details**"",""weight"":""Bolder"",""size"":""Medium""},{""type"":""FactSet"",""facts"":[{""title"":""📄 File Name:"",""value"":""cmdb_ci_server.xlsx""},{""title"":""📂 Upload Location:"",""value"":""MuleSoftServiceNow-CMDBData folder""},{""title"":""📅 Month:"",""value"":""{monthName}""}]}]},{""type"":""Container"",""style"":""warning"",""items"":[{""type"":""TextBlock"",""text"":""📝 **Instructions**"",""weight"":""Bolder"",""color"":""Warning""},{""type"":""TextBlock"",""text"":""1. Prepare the latest CMDB server data in Excel format\n2. Ensure the file is named exactly as: **cmdb_ci_server.xlsx**\n3. Click the button below to access the SharePoint upload folder\n4. Upload the file to the designated location\n5. Verify the file has been uploaded successfully"",""wrap"":true,""spacing"":""Small""}]},{""type"":""Container"",""items"":[{""type"":""TextBlock"",""text"":""ℹ️ **Important Notes**"",""weight"":""Bolder"",""size"":""Medium""},{""type"":""TextBlock"",""text"":""• Please ensure data accuracy and completeness\n• The file will be processed automatically after upload\n• If you encounter any issues, contact the IT Support team\n• Late submissions may impact reporting and compliance"",""wrap"":true,""spacing"":""Small"",""isSubtle"":true}]}],""actions"":[{""type"":""Action.OpenUrl"",""title"":""📤 Go to Upload Folder"",""url"":""{uploadFolderUrl}""}]}
",String,High,String,"<html><head><style>body{font-family:Arial,sans-serif;line-height:1.4;color:#333;max-width:700px;margin:0 auto;padding:20px}.header{background:#007bff;color:#fff;padding:20px;text-align:center;border-radius:8px 8px 0 0}.content{background:#f9f9f9;padding:25px;border:1px solid #ddd;border-radius:0 0 8px 8px}.reminder{background:#d1ecf1;color:#0c5460;padding:15px;border-radius:5px;border-left:4px solid #17a2b8;margin:18px 0}.file-info{background:#fff;padding:18px;margin:18px 0;border-left:4px solid #007bff;border-radius:4px}.instructions{background:#fff3cd;padding:15px;border-radius:5px;border-left:4px solid #ffc107;margin:18px 0}.upload-link{display:inline-block;background:#28a745;color:#fff;padding:10px 20px;text-decoration:none;border-radius:5px;font-weight:700;margin:10px 5px}.footer{background:#f1f1f1;padding:12px;text-align:center;font-size:11px;color:#666;border-radius:0 0 8px 8px}.badge{display:inline-block;padding:3px 8px;border-radius:12px;font-size:11px;font-weight:700;color:#fff}.urgent{background:#dc3545}.normal{background:#17a2b8}.file-name{font-family:'Courier New',monospace;background:#f4f4f4;padding:2px 8px;border-radius:3px;color:#d63384;font-weight:700}</style></head><body><div class='header'><h1>📋 Monthly CMDB File Upload Reminder</h1></div><div class='content'><div class='reminder'><strong>⏰ Reminder:</strong> Your monthly CMDB file upload is due in <strong>7 days</strong> (by <strong>{dueDate}</strong>).</div><div class='file-info'><h3>📁 Required File Details</h3><p><strong>File Name:</strong> <span class='file-name'>cmdb_ci_server.xlsx</span></p><p><strong>Upload Location:</strong> MuleSoftServiceNow-CMDBData folder</p><p><strong>Month:</strong> {monthName}</p></div><div class='instructions'><h3>📝 Instructions</h3><ol><li>Prepare the latest CMDB server data in Excel format</li><li>Ensure the file is named exactly as: <strong>cmdb_ci_server.xlsx</strong></li><li>Click the button below to access the SharePoint upload folder</li><li>Upload the file to the designated location</li><li>Verify the file has been uploaded successfully</li></ol></div><div style='text-align:center;margin:25px 0'><a href='{uploadFolderUrl}' class='upload-link'>📤 Go to Upload Folder</a></div><div style='background:#e7f3ff;padding:15px;border-radius:5px;margin:18px 0'><strong>ℹ️ Important Notes:</strong><ul><li>Please ensure data accuracy and completeness</li><li>The file will be processed automatically after upload</li><li>If you encounter any issues, contact the IT Support team</li><li>Late submissions may impact reporting and compliance</li></ul></div></div><div class='footer'><p>This is an automated reminder from the Logic Apps Automation System</p><p>For questions or support, please contact your IT administrator</p></div></body></html>
",String,Action Required: Monthly CMDB File Upload Due,String,,,,
IVM-Remediation,REME-01,"{""type"":""AdaptiveCard"",""$schema"":""http://adaptivecards.io/schemas/adaptive-card.json"",""version"":""1.2"",""body"":[{""type"":""Container"",""style"":""attention"",""items"":[{""type"":""TextBlock"",""text"":""🚨 Remediation Phase Started"",""size"":""Large"",""weight"":""Bolder"",""color"":""Attention"",""horizontalAlignment"":""Center""}]},{""type"":""Container"",""items"":[{""type"":""TextBlock"",""text"":""Dear TCS Team, the remediation phase has been initiated for the vulnerability management cycle. The latest vulnerabilities list has been uploaded to DFN portal for your review and remediation activities."",""wrap"":true,""weight"":""Bolder""}]},{""type"":""Container"",""items"":[{""type"":""TextBlock"",""text"":""📌 **Remediation Details**"",""weight"":""Bolder"",""size"":""Medium""},{""type"":""FactSet"",""facts"":[{""title"":""🔄 Cycle ID:"",""value"":""{cycleId}""},{""title"":""📋 Task ID:"",""value"":""{taskId}""},{""title"":""🔍 Scan Request ID:"",""value"":""{scanRequestId}""},{""title"":""⚡ Priority:"",""value"":""{priority}""},{""title"":""🚨 Total Vulnerabilities:"",""value"":""{vulnerabilityCount} vulnerabilities""},{""title"":""⏰ Remediation Start:"",""value"":""{remediationStartTime} UTC""},{""title"":""📄 File Name:"",""value"":""{reportFileName}""}]}]},{""type"":""Container"",""style"":""good"",""items"":[{""type"":""TextBlock"",""text"":""✅ **ACTION REQUIRED:** Please access the DFN portal to begin remediation activities for the identified vulnerabilities. The latest vulnerabilities list contains all necessary details for prioritization and remediation planning."",""wrap"":true,""weight"":""Bolder"",""color"":""Good""}]}],""actions"":[{""type"":""Action.OpenUrl"",""title"":""🔍 Initiate Remediation Scan"",""url"":""{remediationScanUrl}"",""style"":""positive""},{""type"":""Action.OpenUrl"",""title"":""📊 Access DFN Portal"",""url"":""{dfnPortalUrl}"",""style"":""positive""}]}",String,High,String,"<!DOCTYPE html><html lang=""en""><head><meta charset=""UTF-8""><meta name=""viewport"" content=""width=device-width, initial-scale=1.0""><title>Vulnerability Remediation Notification</title><style>body{font-family:Arial,sans-serif;line-height:1.6;color:#333;max-width:600px;margin:0 auto;padding:20px;background-color:#f5f5f5}.header{background-color:#007bff;color:white;padding:20px;text-align:center;border-radius:8px 8px 0 0}.content{background-color:#f9f9f9;padding:30px;border:1px solid #ddd}.task-details{background-color:white;padding:20px;margin:20px 0;border-left:4px solid #dc3545;border-radius:4px;box-shadow:0 2px 4px rgba(0,0,0,0.1)}.action-button{display:block;background-color:#28a745;color:white;padding:15px 30px;text-decoration:none;border-radius:5px;font-weight:bold;margin:10px auto;text-align:center;transition:background-color 0.3s;border:none;cursor:pointer;font-size:14px;width:250px;box-sizing:border-box}.action-button:hover{background-color:#218838}.action-button.secondary{background-color:#17a2b8}.action-button.secondary:hover{background-color:#138496}.priority-high{color:#dc3545;font-weight:bold}.priority-medium{color:#ffc107;font-weight:bold}.priority-low{color:#28a745;font-weight:bold}.highlight{background-color:#d4edda;border:1px solid #c3e6cb;padding:15px;border-radius:4px;margin:20px 0}.footer{background-color:#f1f1f1;padding:15px;text-align:center;font-size:12px;color:#666;border-radius:0 0 8px 8px}.task-details ul{list-style-type:none;padding:0}.task-details li{margin:8px 0;padding:5px 0}.status-open{color:#dc3545;font-weight:bold;background-color:#f8d7da;padding:2px 8px;border-radius:3px}.button-container{text-align:center;margin:20px 0}</style></head><body><div class=""header""><h1>🚨 Remediation Phase Started</h1></div><div class=""content""><p>Dear TCS Team,</p><p>The remediation phase has been initiated for the vulnerability management cycle. The latest vulnerabilities list has been uploaded to DFN portal for your review and remediation activities.</p><div class=""task-details""><h3>📌 Remediation Details</h3><ul><li><strong>Cycle ID:</strong> {cycleId}</li><li><strong>Task ID:</strong> {taskId}</li><li><strong>Scan Request ID:</strong> {scanRequestId}</li><li><strong>Priority:</strong> <span class=""priority-{priorityClass}"">{priority}</span></li><li><strong>Total Vulnerabilities:</strong> <span class=""status-open"">{vulnerabilityCount} vulnerabilities</span></li><li><strong>Remediation Start:</strong> {remediationStartTime} UTC</li><li><strong>File Name:</strong> {reportFileName}</li></ul></div><div class=""highlight""><p style=""margin:0;""><strong>✅ ACTION REQUIRED:</strong> Please access the DFN portal to begin remediation activities for the identified vulnerabilities. The latest vulnerabilities list contains all necessary details for prioritization and remediation planning.</p></div><div class=""button-container""><a href=""{remediationScanUrl}"" class=""action-button secondary"">🔍 Initiate Remediation Scan</a><a href=""{dfnPortalUrl}"" class=""action-button"" target=""_blank"">📊 Access the DFN Portal</a></div></div><div class=""footer""><p>This is an automated notification from the IVM Remediation System.</p><p><strong>Cycle ID:</strong> {cycleId} | <strong>Generated:</strong> {generatedDateTime}</p></div></body></html>",String,Remediation Phase Started for Cycle {cycleId},String,,,,
IVM-WeeklySchedule,REME-02,"{""type"":""AdaptiveCard"",""$schema"":""http://adaptivecards.io/schemas/adaptive-card.json"",""version"":""1.2"",""body"":[{""type"":""Container"",""style"":""emphasis"",""items"":[{""type"":""TextBlock"",""text"":""📊 Weekly Vulnerability Management Summary"",""size"":""Large"",""weight"":""Bolder"",""color"":""Accent"",""horizontalAlignment"":""Center""},{""type"":""TextBlock"",""text"":""Report Generated: {reportGeneratedDate}"",""horizontalAlignment"":""Center"",""spacing"":""Small""}]},{""type"":""Container"",""items"":[{""type"":""ColumnSet"",""columns"":[{""type"":""Column"",""width"":""stretch"",""items"":[{""type"":""TextBlock"",""text"":""🔧 **Remediated**"",""weight"":""Bolder"",""horizontalAlignment"":""Center""},{""type"":""TextBlock"",""text"":""{remediatedCount}"",""weight"":""Bolder"",""horizontalAlignment"":""Center"",""size"":""ExtraLarge"",""color"":""Good""},{""type"":""TextBlock"",""text"":""Vulnerabilities marked as remediated"",""horizontalAlignment"":""Center"",""size"":""Small"",""isSubtle"":true}]},{""type"":""Column"",""width"":""stretch"",""items"":[{""type"":""TextBlock"",""text"":""⚠️ **False Positive**"",""weight"":""Bolder"",""horizontalAlignment"":""Center""},{""type"":""TextBlock"",""text"":""{falsePositiveCount}"",""weight"":""Bolder"",""horizontalAlignment"":""Center"",""size"":""ExtraLarge"",""color"":""Warning""},{""type"":""TextBlock"",""text"":""Vulnerabilities identified as false positives"",""horizontalAlignment"":""Center"",""size"":""Small"",""isSubtle"":true}]}]},{""type"":""ColumnSet"",""columns"":[{""type"":""Column"",""width"":""stretch"",""items"":[{""type"":""TextBlock"",""text"":""⏰ **Expiring Soon**"",""weight"":""Bolder"",""horizontalAlignment"":""Center""},{""type"":""TextBlock"",""text"":""{expiringExceptionsCount}"",""weight"":""Bolder"",""horizontalAlignment"":""Center"",""size"":""ExtraLarge"",""color"":""Warning""},{""type"":""TextBlock"",""text"":""Exceptions expiring within 7 days"",""horizontalAlignment"":""Center"",""size"":""Small"",""isSubtle"":true}]},{""type"":""Column"",""width"":""stretch"",""items"":[{""type"":""TextBlock"",""text"":""🚨 **Expired**"",""weight"":""Bolder"",""horizontalAlignment"":""Center""},{""type"":""TextBlock"",""text"":""{expiredExceptionsCount}"",""weight"":""Bolder"",""horizontalAlignment"":""Center"",""size"":""ExtraLarge"",""color"":""Attention""},{""type"":""TextBlock"",""text"":""Exceptions that have already expired"",""horizontalAlignment"":""Center"",""size"":""Small"",""isSubtle"":true}]}]}]},{""type"":""Container"",""items"":[{""type"":""TextBlock"",""text"":""📋 **Processing Summary**"",""weight"":""Bolder"",""size"":""Medium""},{""type"":""FactSet"",""facts"":[{""title"":""🔄 Cycle ID:"",""value"":""{cycleId}""},{""title"":""📊 Total Processed:"",""value"":""{totalVulnerabilitiesProcessed}""},{""title"":""🌐 Open IPs:"",""value"":""{openIPAddresses}""},{""title"":""🎯 Open QIDs:"",""value"":""{openQIDs}""},{""title"":""⚙️ Option Profile:"",""value"":""{optionProfileUsed}""},{""title"":""🔍 Scan Created:"",""value"":""{scanRequestCreated}""},{""title"":""📋 Task ID:"",""value"":""{taskId}""}]}]},{""type"":""Container"",""style"":""good"",""items"":[{""type"":""TextBlock"",""text"":""🎯 **Key Actions Completed:**"",""weight"":""Bolder"",""color"":""Good""},{""type"":""TextBlock"",""text"":""• Processed {totalVulnerabilitiesProcessed} vulnerability records\n• Identified {openIPAddresses} unique IP addresses with open vulnerabilities\n• Found {openQIDs} unique QIDs requiring scanning\n• {optionProfileMessage}"",""wrap"":true,""spacing"":""Small""}]},{""type"":""Container"",""items"":[{""type"":""TextBlock"",""text"":""**Next Scheduled Run:** {nextScheduledRun} at 09:00 UTC"",""wrap"":true,""horizontalAlignment"":""Center"",""spacing"":""Medium"",""isSubtle"":true}]}],""actions"":[{""type"":""Action.OpenUrl"",""title"":""🔍 Initiate Remediation Scan"",""url"":""{remediationScanUrl}"",""style"":""positive""},{""type"":""Action.OpenUrl"",""title"":""📊 Access DFN Portal"",""url"":""{dfnPortalUrl}"",""style"":""positive""}]}",String,High,String,"<!DOCTYPE html><html><head><style>body{font-family:Arial,sans-serif;line-height:1.6;color:#333;max-width:800px;margin:0 auto;padding:20px}.header{background-color:#007bff;color:white;padding:20px;text-align:center;border-radius:8px 8px 0 0}.content{background-color:#f9f9f9;padding:30px;border:1px solid #ddd}.summary-grid{display:grid;grid-template-columns:repeat(auto-fit,minmax(200px,1fr));gap:20px;margin:20px 0}.summary-card{background-color:white;padding:20px;border-radius:8px;box-shadow:0 2px 4px rgba(0,0,0,0.1);text-align:center}.summary-card h3{margin:0 0 10px 0;color:#007bff}.summary-card .number{font-size:2em;font-weight:bold;color:#28a745}.summary-card .number.warning{color:#ffc107}.summary-card .number.danger{color:#dc3545}.task-details{background-color:white;padding:20px;margin:20px 0;border-left:4px solid #007bff;border-radius:4px}.highlight{background-color:#d1ecf1;border:1px solid #bee5eb;padding:15px;border-radius:4px;margin:20px 0}.footer{background-color:#f1f1f1;padding:15px;text-align:center;font-size:12px;color:#666;border-radius:0 0 8px 8px}.button-container{text-align:center;margin:30px 0;padding:20px}.action-button{display:inline-block;padding:12px 24px;margin:10px;background-color:#007bff;color:white;text-decoration:none;border-radius:6px;font-weight:bold;font-size:14px;border:none;cursor:pointer;transition:all 0.3s ease;box-shadow:0 2px 4px rgba(0,0,0,0.1)}.action-button:hover{background-color:#0056b3;transform:translateY(-1px);box-shadow:0 4px 8px rgba(0,0,0,0.15)}.action-button.secondary{background-color:#28a745}.action-button.secondary:hover{background-color:#1e7e34}</style></head><body><div class='header'><h1>📊 Weekly Vulnerability Management Summary</h1><p>Report Generated: {reportGeneratedDate}</p></div><div class='content'><div class='summary-grid'><div class='summary-card'><h3>🔧 Remediated</h3><div class='number'>{remediatedCount}</div><p>Vulnerabilities marked as remediated</p></div><div class='summary-card'><h3>⚠️ False Positive</h3><div class='number warning'>{falsePositiveCount}</div><p>Vulnerabilities identified as false positives</p></div><div class='summary-card'><h3>⏰ Exceptions Expiring Soon</h3><div class='number warning'>{expiringExceptionsCount}</div><p>Exceptions expiring within next 7 days</p></div><div class='summary-card'><h3>🚨 Exceptions Expired</h3><div class='number danger'>{expiredExceptionsCount}</div><p>Exceptions that have already expired</p></div></div><div class='task-details'><h3>📋 Processing Summary</h3><ul><li><strong>Cycle ID:</strong> {cycleId}</li><li><strong>Total Vulnerabilities Processed:</strong> {totalVulnerabilitiesProcessed}</li><li><strong>Open IP Addresses:</strong> {openIPAddresses}</li><li><strong>Open QIDs:</strong> {openQIDs}</li><li><strong>Option Profile Used:</strong> {optionProfileUsed}</li><li><strong>Scan Request Created:</strong> {scanRequestCreated}</li><li><strong>Task ID:</strong> {taskId}</li></ul></div><div class='highlight'><p style='margin:0;'><strong>🎯 Key Actions Completed:</strong></p><ul style='margin:10px 0;'><li>Processed {totalVulnerabilitiesProcessed} vulnerability records</li><li>Identified {openIPAddresses} unique IP addresses with open vulnerabilities</li><li>Found {openQIDs} unique QIDs requiring scanning</li><li>{optionProfileMessage}</li></ul></div></div><div class='button-container'><a href='{remediationScanUrl}' class='action-button secondary'>🔍 Initiate Remediation Scan</a><a href='{dfnPortalUrl}' class='action-button' target='_blank'>📊 Access the DFN Portal</a></div><div class='footer'><p>This is an automated weekly summary from the IVM Weekly Schedule System (ReP-LA-02).</p><p><strong>Next Scheduled Run:</strong> {nextScheduledRun} at 09:00 UTC</p></div></body></html>",String,Weekly Vulnerability Management Summary Report,String,,,,
Remediation,REME-04,"{""type"":""AdaptiveCard"",""$schema"":""http://adaptivecards.io/schemas/adaptive-card.json"",""version"":""1.2"",""body"":[{""type"":""Container"",""style"":""emphasis"",""items"":[{""type"":""TextBlock"",""text"":""🔄 Remediation Cross-Check Complete"",""size"":""Large"",""weight"":""Bolder"",""color"":""Accent"",""horizontalAlignment"":""Center""}]},{""type"":""Container"",""items"":[{""type"":""TextBlock"",""text"":""📊 **Summary**"",""weight"":""Bolder"",""size"":""Medium""},{""type"":""ColumnSet"",""columns"":[{""type"":""Column"",""width"":""stretch"",""items"":[{""type"":""TextBlock"",""text"":""{openCount}"",""weight"":""Bolder"",""horizontalAlignment"":""Center"",""size"":""ExtraLarge"",""color"":""Attention""},{""type"":""TextBlock"",""text"":""Still Open"",""horizontalAlignment"":""Center"",""size"":""Small"",""isSubtle"":true}]},{""type"":""Column"",""width"":""stretch"",""items"":[{""type"":""TextBlock"",""text"":""{closedCount}"",""weight"":""Bolder"",""horizontalAlignment"":""Center"",""size"":""ExtraLarge"",""color"":""Good""},{""type"":""TextBlock"",""text"":""Previously Closed"",""horizontalAlignment"":""Center"",""size"":""Small"",""isSubtle"":true}]},{""type"":""Column"",""width"":""stretch"",""items"":[{""type"":""TextBlock"",""text"":""{exceptionCount}"",""weight"":""Bolder"",""horizontalAlignment"":""Center"",""size"":""ExtraLarge"",""color"":""Warning""},{""type"":""TextBlock"",""text"":""Exception"",""horizontalAlignment"":""Center"",""size"":""Small"",""isSubtle"":true}]},{""type"":""Column"",""width"":""stretch"",""items"":[{""type"":""TextBlock"",""text"":""{recentlyClosedCount}"",""weight"":""Bolder"",""horizontalAlignment"":""Center"",""size"":""ExtraLarge"",""color"":""Accent""},{""type"":""TextBlock"",""text"":""Recently Fixed"",""horizontalAlignment"":""Center"",""size"":""Small"",""isSubtle"":true}]}]}]},{""type"":""Container"",""items"":[{""type"":""TextBlock"",""text"":""📋 **Details**"",""weight"":""Bolder"",""size"":""Medium""},{""type"":""FactSet"",""facts"":[{""title"":""🔄 Cycle ID:"",""value"":""{cycleId}""},{""title"":""✅ Total Fixed:"",""value"":""{totalFixedCount}""},{""title"":""⏰ Completed:"",""value"":""{completedDateTime} UTC""}]}]},{""type"":""Container"",""items"":[{""type"":""TextBlock"",""text"":""📄 **Reports Available**"",""weight"":""Bolder"",""size"":""Medium""},{""type"":""TextBlock"",""text"":""All cross-check reports have been generated and are ready for download."",""wrap"":true,""spacing"":""Small""}]}],""actions"":[{""type"":""Action.OpenUrl"",""title"":""📊 Qualys Report"",""url"":""{qualysReportUrl}""},{""type"":""Action.OpenUrl"",""title"":""📊 DFN Report"",""url"":""{dfnReportUrl}""},{""type"":""Action.OpenUrl"",""title"":""📊 CMDB Report"",""url"":""{cmdbReportUrl}""},{""type"":""Action.OpenUrl"",""title"":""📋 Updated DFN File"",""url"":""{dfnFileUrl}""}]}
",String,High,String,"<html><body style=""font-family:Arial,sans-serif;color:#333""><div style=""max-width:600px;margin:0 auto;padding:20px;border:1px solid #ddd;border-radius:8px""><h2 style=""color:#2c5282;text-align:center"">🔄 Remediation Cross-Check Complete</h2><div style=""background:#f9f9f9;padding:15px;border-radius:6px;margin:15px 0""><h3 style=""margin:0 0 15px 0"">📊 Summary</h3><div style=""display:grid;grid-template-columns:repeat(4,1fr);gap:10px""><div style=""background:#fed7d7;padding:10px;border-radius:6px;text-align:center""><div style=""font-size:24px;font-weight:bold;color:#c53030"">{openCount}</div><div style=""font-size:12px;color:#742a2a"">Still Open</div></div><div style=""background:#c6f6d5;padding:10px;border-radius:6px;text-align:center""><div style=""font-size:24px;font-weight:bold;color:#2f855a"">{closedCount}</div><div style=""font-size:12px;color:#22543d"">Previously Closed</div></div><div style=""background:#fff3cd;padding:10px;border-radius:6px;text-align:center""><div style=""font-size:24px;font-weight:bold;color:#856404"">{exceptionCount}</div><div style=""font-size:12px;color:#6c5312"">Exception</div></div><div style=""background:#bee3f8;padding:10px;border-radius:6px;text-align:center""><div style=""font-size:24px;font-weight:bold;color:#2c5282"">{recentlyClosedCount}</div><div style=""font-size:12px;color:#2a4365"">Recently Fixed</div></div></div></div>{recentlyFixedSection}{exceptionStatusSection}<div style=""background:#f9f9f9;padding:15px;border-radius:6px;margin:15px 0""><h4 style=""margin:0 0 10px 0"">📋 Details</h4><table style=""width:100%;font-size:12px""><tr><td><strong>Cycle ID:</strong></td><td>{cycleId}</td></tr><tr><td><strong>Total Fixed:</strong></td><td>{totalFixedCount}</td></tr><tr><td><strong>Completed:</strong></td><td>{completedDateTime} UTC</td></tr></table></div><div style=""background:#e8f4fd;padding:15px;border-radius:6px;margin:15px 0;border-left:4px solid #2c5282""><h4 style=""margin:0 0 15px 0;color:#2c5282"">📄 Reports</h4><table style=""width:100%;font-size:13px""><tr><td style=""padding:8px 0""><strong>Qualys Report:</strong></td><td style=""padding:8px 0""><a href=""{qualysReportUrl}"" style=""color:#2c5282;text-decoration:none"">📊 Download Qualys Report</a></td></tr><tr><td style=""padding:8px 0""><strong>DFN Report:</strong></td><td style=""padding:8px 0""><a href=""{dfnReportUrl}"" style=""color:#2c5282;text-decoration:none"">📊 Download DFN Report</a></td></tr><tr><td style=""padding:8px 0""><strong>CMDB Report:</strong></td><td style=""padding:8px 0""><a href=""{cmdbReportUrl}"" style=""color:#2c5282;text-decoration:none"">📊 Download CMDB Report</a></td></tr></table></div><div style=""text-align:center;margin:20px 0""><a href=""{dfnFileUrl}"" style=""background:#38a169;color:white;padding:10px 20px;text-decoration:none;border-radius:6px;font-weight:600"">📊 Access Updated DFN Report</a></div></div></body></html>
",String,Remediation Phase Completed - {cycleId},String,,,,
Remediation,REME-05,"{""type"":""AdaptiveCard"",""$schema"":""http://adaptivecards.io/schemas/adaptive-card.json"",""version"":""1.2"",""body"":[{""type"":""Container"",""style"":""attention"",""items"":[{""type"":""TextBlock"",""text"":""⚠️ Missing DFN Values Detected"",""size"":""Large"",""weight"":""Bolder"",""color"":""Attention"",""horizontalAlignment"":""Center""}]},{""type"":""Container"",""items"":[{""type"":""TextBlock"",""text"":""We have detected IPs that are missing from the Qualys report during the vulnerability data merge process."",""wrap"":true,""weight"":""Bolder""}]},{""type"":""Container"",""items"":[{""type"":""TextBlock"",""text"":""📌 **Task Details**"",""weight"":""Bolder"",""size"":""Medium""},{""type"":""FactSet"",""facts"":[{""title"":""🔄 Cycle ID:"",""value"":""{cycleId}""},{""title"":""📊 Missing Values Count:"",""value"":""{missingValuesCount}""},{""title"":""⏰ Report Generated:"",""value"":""{completedDateTime} UTC""}]}]},{""type"":""Container"",""style"":""warning"",""items"":[{""type"":""TextBlock"",""text"":""📊 **Missing Data Summary**"",""weight"":""Bolder"",""size"":""Medium"",""color"":""Warning""},{""type"":""ColumnSet"",""columns"":[{""type"":""Column"",""width"":""stretch"",""items"":[{""type"":""TextBlock"",""text"":""{missingValuesCount}"",""weight"":""Bolder"",""horizontalAlignment"":""Center"",""size"":""ExtraLarge"",""color"":""Attention""},{""type"":""TextBlock"",""text"":""Missing IPs"",""horizontalAlignment"":""Center"",""size"":""Small"",""isSubtle"":true}]},{""type"":""Column"",""width"":""stretch"",""items"":[{""type"":""TextBlock"",""text"":""Action Required"",""weight"":""Bolder"",""horizontalAlignment"":""Center"",""size"":""Large"",""color"":""Warning""},{""type"":""TextBlock"",""text"":""Priority Level"",""horizontalAlignment"":""Center"",""size"":""Small"",""isSubtle"":true}]}]}]},{""type"":""Container"",""style"":""good"",""items"":[{""type"":""TextBlock"",""text"":""📄 **Missing DFN Report Available**"",""weight"":""Bolder"",""size"":""Medium"",""color"":""Good""},{""type"":""TextBlock"",""text"":""A detailed report of missing values has been uploaded to SharePoint for your review."",""wrap"":true,""spacing"":""Small""}]},{""type"":""Container"",""style"":""emphasis"",""items"":[{""type"":""TextBlock"",""text"":""⚡ **Next Steps**"",""weight"":""Bolder"",""color"":""Accent""},{""type"":""TextBlock"",""text"":""Please review the missing data report and coordinate with the infrastructure team to ensure all IPs are properly included in future Qualys scans."",""wrap"":true,""spacing"":""Small""}]}],""actions"":[{""type"":""Action.OpenUrl"",""title"":""📄 View Missing Data Report"",""url"":""{missingFileUrl}"",""style"":""positive""}]}
",String,High,String,"<html><head><style>body{font-family:Arial,sans-serif;line-height:1.4;color:#333;max-width:600px;margin:0 auto;padding:20px;background:#ffe6e6}.header{background:#dc3545;color:#fff;padding:20px;text-align:center;border-radius:8px 8px 0 0}.content{background:#f9f9f9;padding:25px;border:1px solid #ddd;border-radius:0 0 8px 8px}.task-details{background:#fff;padding:18px;margin:18px 0;border-left:4px solid #dc3545;border-radius:4px}.task-details h3{margin:5px 0 12px;color:#dc3545}.task-details p{margin:8px 0;line-height:1.3}.warning-info{background:#fff3cd;padding:15px;border-radius:5px;border-left:4px solid #ffc107;margin:20px 0}.warning-info h3{margin:5px 0 10px;color:#856404}.missing-stats{background:#f8d7da;padding:15px;margin:15px 0;border-left:4px solid #dc3545;border-radius:4px}.stats-grid{display:grid;grid-template-columns:1fr 1fr;gap:15px;margin:15px 0}.stats-card{background:#fff;padding:15px;border-radius:6px;text-align:center;border:1px solid #dee2e6;box-shadow:0 2px 4px rgba(0,0,0,0.1)}.stats-number{font-size:24px;font-weight:700;color:#dc3545;margin-bottom:5px}.stats-label{font-size:12px;color:#666;font-weight:600}.action-section{background:#e8f4fd;padding:15px;margin:20px 0;border-left:4px solid #007acc;border-radius:4px;text-align:center}.file-link{background:#007acc;color:#fff;padding:10px 20px;text-decoration:none;border-radius:5px;font-weight:700;display:inline-block;margin:10px 0}.footer{background:#f1f1f1;padding:12px;text-align:center;font-size:11px;color:#666;border-radius:0 0 8px 8px}</style></head><body><div class='header'><h1>⚠️ Missing DFN Values Detected</h1></div><div class='content'><p>Hello,</p><p>We have detected IPs that are missing from the Qualys report during the vulnerability data merge process.</p><div class='task-details'><h3>📌 Task Details</h3><p><strong>Cycle ID:</strong> {cycleId}</p><p><strong>Missing Values Count:</strong> {missingValuesCount}</p><p><strong>Report Generated:</strong> {completedDateTime} UTC</p></div><div class='missing-stats'><h3>📊 Missing Data Summary</h3><div class='stats-grid'><div class='stats-card'><div class='stats-number'>{missingValuesCount}</div><div class='stats-label'>Missing IPs</div></div><div class='stats-card'><div class='stats-number'>Action Required</div><div class='stats-label'>Priority Level</div></div></div></div><div class='action-section'><h3>📄 Missing DFN Report Available</h3><p>A detailed report of missing values has been uploaded to SharePoint for your review:</p><a href='{missingFileUrl}' class='file-link'>📄 View Missing Data Report</a></div><div class='warning-info'><h3>⚡ Next Steps</h3><p><strong>Action Required:</strong> Please review the missing data report and coordinate with the infrastructure team to ensure all IPs are properly included in future Qualys scans.</p></div></div><div class='footer'><p>This is an automated notification from the Vulnerability Management System.</p><p><strong>Cycle ID:</strong> {cycleId} | Generated: {completedDateTime} UTC</p></div></body></html>
",String,Missing DFN Values Detected - Cycle: {cycleId},String,,,,
Remediation-ValueStream,REME-03,"{""type"":""AdaptiveCard"",""$schema"":""http://adaptivecards.io/schemas/adaptive-card.json"",""version"":""1.2"",""body"":[{""type"":""Container"",""style"":""emphasis"",""items"":[{""type"":""TextBlock"",""text"":""🔒 Value Stream Vulnerability Report"",""size"":""Large"",""weight"":""Bolder"",""color"":""Accent"",""horizontalAlignment"":""Center""},{""type"":""TextBlock"",""text"":""{valueStreamName}"",""horizontalAlignment"":""Center"",""spacing"":""Small"",""weight"":""Bolder""}]},{""type"":""Container"",""items"":[{""type"":""TextBlock"",""text"":""Hi Team, we have successfully completed the Vulnerability Scanning, and the results are now available for your review and remediation."",""wrap"":true,""weight"":""Bolder""}]},{""type"":""Container"",""items"":[{""type"":""TextBlock"",""text"":""📊 **Vulnerability Summary**"",""weight"":""Bolder"",""size"":""Medium""},{""type"":""TextBlock"",""text"":""High-level summary outlining the current vulnerability posture of assets under your value stream, including breakdown by Value streams and Sub Value Stream."",""wrap"":true,""spacing"":""Small""}]},{""type"":""Container"",""style"":""warning"",""items"":[{""type"":""TextBlock"",""text"":""⚡ **Action Required**"",""weight"":""Bolder"",""color"":""Warning""},{""type"":""TextBlock"",""text"":""• Review and remediate vulnerabilities per timelines: **Critical - 15 days, High - 30 days, Medium - 45 days**\n• Complete remediation within exception timelines\n• Raise renewal requests for expiring exceptions"",""wrap"":true,""spacing"":""Small""}]},{""type"":""Container"",""style"":""good"",""items"":[{""type"":""TextBlock"",""text"":""📊 **Ongoing Monitoring**"",""weight"":""Bolder"",""color"":""Good""},{""type"":""TextBlock"",""text"":""• Re-scan every Monday\n• PowerBI updates every Tuesday\n• Weekly SVS communications\n• Direct VS Head notification for SLA breaches"",""wrap"":true,""spacing"":""Small""}]},{""type"":""Container"",""items"":[{""type"":""TextBlock"",""text"":""**Generated:** {generatedDateTime} UTC | **Task ID:** {taskId}"",""wrap"":true,""horizontalAlignment"":""Center"",""size"":""Small"",""isSubtle"":true}]}],""actions"":[{""type"":""Action.OpenUrl"",""title"":""🔗 Open DFN Portal"",""url"":""https://diageo.decisionfocus.com/"",""style"":""positive""}]}",String,High,String,"<html><head><style>body{font-family:Arial,sans-serif;line-height:1.4;color:#333;max-width:800px;margin:0 auto;padding:20px}.header{background:#2c5282;color:#fff;padding:20px;text-align:center;border-radius:8px 8px 0 0}.content{background:#f9f9f9;padding:25px;border:1px solid #ddd}.summary-section{background:#fff;padding:18px;margin:18px 0;border-left:4px solid #2c5282;border-radius:5px}.action-section{background:#fff3cd;padding:15px;margin:18px 0;border-left:4px solid #ffc107;border-radius:5px}.action-section h4{margin:8px 0;color:#2c5282;font-size:15px}.reporting-section{background:#f0f8ff;padding:15px;margin:18px 0;border-left:4px solid #17a2b8;border-radius:5px}.monitoring-section{background:#e8f5e8;padding:15px;margin:18px 0;border-left:4px solid #28a745;border-radius:5px}.timeline-badge{background:#dc3545;color:#fff;padding:2px 6px;border-radius:3px;font-size:12px;font-weight:700}.footer{background:#f0f8ff;padding:15px;text-align:center;font-size:12px;color:#666;border-radius:6px;margin-top:30px}ul{margin:10px 0;padding-left:20px}li{margin:6px 0;line-height:1.3}strong{color:#2c5282}</style></head><body><div class='header'><h1>🔒 Value Stream Vulnerability Report</h1><p>{valueStreamName}</p></div><div class='content'><p>Hi Team,</p><div class='summary-section'><p>We have successfully completed the Vulnerability Scanning, and the results are now available for your review and remediation in Decision Focus (DFN) link: <a href='https://diageo.decisionfocus.com/' style='color:#2c5282'>https://diageo.decisionfocus.com/</a></p><p>Please find below a high-level summary outlining the current vulnerability posture of the assets under your value stream. This includes a breakdown of all non-OS vulnerability counts, categorized by Value streams and Sub Value Stream.</p></div>{ageBucketTableHtml}<div class='action-section'><h4>⚡ Action Required:</h4><ul><li>Review the summary and remediate the vulnerabilities as per the timelines outlined below. <strong><span class='timeline-badge'>Critical - 15 days</span>, <span class='timeline-badge'>High - 30 days</span>, <span class='timeline-badge'>Medium - 45 days</span></strong></li><li>Exceptions have been raised for certain vulnerabilities. Please ensure remediation is completed within the exception timeline.</li><li>For expiring exceptions, once notified via ServiceNow, kindly raise a renewal request to avoid these being counted as open vulnerabilities.</li></ul></div><div class='reporting-section'><h4>📋 Reporting Issues:</h4><ul><li>For issues related to asset mapping, value stream, or sub-value stream mapping, please contact the CMDB team, copying IVM for visibility.</li><li>For concerns regarding remediation ownership or scoping, reach out to the Compute Team.</li></ul></div><div class='monitoring-section'><h4>📊 Ongoing Monitoring:</h4><ul><li>A re-scan of all open vulnerabilities is conducted every Monday.</li><li>Updated vulnerability counts are published in the PowerBI dashboard on the FLOD channel every Tuesday.</li><li>Communications are sent to all SVS leads weekly. In case of SLA breaches, the VS Head will be notified directly.</li></ul></div></div><div class='footer'><p><strong>Generated:</strong> {generatedDateTime} UTC | <strong>Task ID:</strong> {taskId}</p></div></body></html>",String,Value Stream Vulnerability Report: {valueStreamName},String,,,,
Reporting,REPORT-01,"{""type"":""AdaptiveCard"",""$schema"":""http://adaptivecards.io/schemas/adaptive-card.json"",""version"":""1.2"",""body"":[{""type"":""Container"",""style"":""emphasis"",""items"":[{""type"":""TextBlock"",""text"":""📊 Vulnerability Report Ready"",""size"":""Large"",""weight"":""Bolder"",""color"":""Accent"",""horizontalAlignment"":""Center""}]},{""type"":""Container"",""items"":[{""type"":""TextBlock"",""text"":""Hello **IVM Security Team**, vulnerability scanning and report generation has completed successfully for cycle **{cycleId}**. Please review and update required files to proceed."",""wrap"":true,""weight"":""Bolder""}]},{""type"":""Container"",""items"":[{""type"":""TextBlock"",""text"":""📋 **Task Details**"",""weight"":""Bolder"",""size"":""Medium""},{""type"":""FactSet"",""facts"":[{""title"":""🔄 Cycle ID:"",""value"":""{cycleId}""},{""title"":""📋 Task ID:"",""value"":""{taskId}""},{""title"":""⚙️ Workflow:"",""value"":""Reporting-DataCollection""},{""title"":""⏰ Generated:"",""value"":""{generatedDateTime} UTC""}]}]},{""type"":""Container"",""style"":""warning"",""items"":[{""type"":""TextBlock"",""text"":""⚡ **Critical Actions Required**"",""weight"":""Bolder"",""color"":""Warning""},{""type"":""TextBlock"",""text"":""• Add highly-exploitable/CTI vulnerability QID classifications\n• Add all IPs in Legacy sheet\n• Add Tag in DFN for current quarter ({currentQuarter})"",""wrap"":true,""spacing"":""Small""}]},{""type"":""Container"",""items"":[{""type"":""TextBlock"",""text"":""📁 **Report Files & Resources**"",""weight"":""Bolder"",""size"":""Medium""},{""type"":""TextBlock"",""text"":""Access all generated reports and data files below:"",""wrap"":true,""spacing"":""Small""}]},{""type"":""Container"",""style"":""good"",""items"":[{""type"":""TextBlock"",""text"":""⚠️ **Important:** Ensure all files are properly updated before marking complete. This action triggers the next phase and cannot be easily reversed."",""wrap"":true,""weight"":""Bolder"",""color"":""Warning""}]}],""actions"":[{""type"":""Action.OpenUrl"",""title"":""📊 Vuln Report"",""url"":""{vulnScanReportUrl}"",""style"":""positive""},{""type"":""Action.OpenUrl"",""title"":""📈 DFN Report"",""url"":""{dfnReportUrl}"",""style"":""positive""},{""type"":""Action.OpenUrl"",""title"":""💾 CMDB Data"",""url"":""{cmdbReportUrl}""},{""type"":""Action.OpenUrl"",""title"":""🎯 QID File"",""url"":""{qidFileUrl}""},{""type"":""Action.OpenUrl"",""title"":""📜 Legacy File"",""url"":""{legacyFileUrl}""},{""type"":""Action.OpenUrl"",""title"":""✅ Mark Complete"",""url"":""{completionUrl}"",""style"":""positive""}]}",String,High,String,"<html><head><style>body{font-family:Arial,sans-serif;line-height:1.6;color:#333;max-width:600px;margin:0 auto;padding:20px;}.header{background:#007acc;color:white;padding:20px;text-align:center;border-radius:8px 8px 0 0;}.content{background:#f9f9f9;padding:30px;border:1px solid #ddd;}.task-details{background:white;padding:20px;margin:20px 0;border-left:4px solid #007acc;border-radius:4px;}.critical-actions{background:#fff3cd;border:1px solid #ffeaa7;border-left:4px solid #f39c12;padding:20px;margin:20px 0;border-radius:4px;}.file-section{background:white;padding:20px;margin:15px 0;border-left:4px solid #28a745;border-radius:4px;}.file-link{display:inline-block;background:#007acc;color:white;padding:8px 15px;text-decoration:none;border-radius:4px;margin:5px 5px 5px 0;font-size:14px;}.action-button{display:inline-block;background:#28a745;color:white;padding:15px 30px;text-decoration:none;border-radius:5px;font-weight:bold;margin:20px 0;text-align:center;}.priority-high{color:#dc3545;font-weight:bold;}.warning{background:#f8d7da;border:1px solid #f5c6cb;border-left:4px solid #dc3545;padding:15px;margin:20px 0;border-radius:4px;color:#721c24;}.footer{background:#f1f1f1;padding:15px;text-align:center;font-size:12px;color:#666;border-radius:0 0 8px 8px;}</style></head><body><div class='header'><h1>📊 Vulnerability Report Ready</h1></div><div class='content'><p>Hello <strong>IVM Security Team</strong>,</p><p>The vulnerability scanning and report generation has completed successfully for cycle <strong>{cycleId}</strong>. Please review and update the required files to proceed with the next phase.</p><div class='task-details'><h3>📋 Task Details:</h3><ul><li><strong>Cycle ID:</strong> {cycleId}</li><li><strong>Task ID:</strong> {taskId}</li><li><strong>Workflow:</strong> Reporting-DataCollection</li><li><strong>Generated:</strong> {generatedDateTime}</li></ul></div><div class='critical-actions'><h3 class='priority-high'>⚡ Critical Actions Required:</h3><ul><li><strong>Add highly-exploitable/CTI vulnerability QID classifications</strong></li><li><strong>Add all IP's in Legacy sheet</strong></li><li><strong>Add Tag in DFN:</strong> Ensure to add Tag in DFN for current quarter ({currentQuarter})</li></ul></div><h3>📁 Report Files & Resources:</h3><div class='file-section'><h4>Vulnerability Scan Report</h4><p><strong>File:</strong> {vulnScanReportName}</p><a href='{vulnScanReportUrl}' class='file-link'>View Report</a><br><br><a href='{vulnScanFolderUrl}' class='file-link'>Open Folder</a></div><div class='file-section'><h4>DFN Analysis Report</h4><p><strong>File:</strong> {dfnReportName}</p><a href='{dfnReportUrl}' class='file-link'>View Report</a><br><br><a href='{dfnFolderUrl}' class='file-link'>Open Folder</a></div><div class='file-section'><h4>CMDB Asset Data</h4><p><strong>Configuration Management Database</strong></p><a href='{cmdbReportUrl}' class='file-link'>View CMDB File</a></div><div class='file-section'><h4>QID List Data</h4><p><strong>Update with latest threat intelligence</strong></p><a href='{qidFileUrl}' class='file-link'>Edit QID File</a><br><br><a href='{qidFolderUrl}' class='file-link'>QID Folder</a></div><div class='file-section'><h4>Legacy Data</h4><p><strong>Review legacy vulnerability status</strong></p><a href='{legacyFileUrl}' class='file-link'>Edit Legacy File</a><br><br><a href='{legacyFolderUrl}' class='file-link'>Legacy Folder</a></div><div style='text-align:center;margin:30px 0;'><h3>Mark Task Complete</h3><p>Once you have reviewed and updated all required files, click below to proceed:</p><a href='{completionUrl}' class='action-button' style='color:white;'>✅ Mark as Completed</a></div><div class='warning'><p><strong>⚠️ Important:</strong> Ensure all files are properly updated before marking complete. This action will trigger the next phase of vulnerability processing and cannot be easily reversed.</p></div></div><div class='footer'><p>This is an automated notification from the IVM Security Reporting System.</p><p><strong>Task ID:</strong> {taskId} | <strong>Cycle ID:</strong> {cycleId} | {generatedDateTime}</p><p>For technical support, contact the Security Automation Team</p></div></body></html>",String,Action Required: Update Files for Vulnerability Reporting - Cycle {cycleId},String,Email,String,,
Reporting-DataCollection,REPORT-05,"{""type"":""AdaptiveCard"",""$schema"":""http://adaptivecards.io/schemas/adaptive-card.json"",""version"":""1.2"",""body"":[{""type"":""Container"",""style"":""emphasis"",""items"":[{""type"":""ColumnSet"",""columns"":[{""type"":""Column"",""width"":""auto"",""items"":[{""type"":""TextBlock"",""text"":""📊"",""size"":""Large""}]},{""type"":""Column"",""width"":""stretch"",""items"":[{""type"":""TextBlock"",""text"":""**Vulnerability Report Files Ready**"",""weight"":""Bolder"",""size"":""Medium""},{""type"":""TextBlock"",""text"":""Task ID: {taskId}"",""size"":""Small"",""isSubtle"":true}]}]},{""type"":""TextBlock"",""text"":""Please review and update the required file to proceed with the reporting workflow."",""wrap"":true,""spacing"":""Medium""},{""type"":""Container"",""style"":""good"",""items"":[{""type"":""TextBlock"",""text"":""**Required Actions:**"",""weight"":""Bolder"",""size"":""Small""},{""type"":""ColumnSet"",""columns"":[{""type"":""Column"",""width"":""stretch"",""items"":[{""type"":""TextBlock"",""text"":""📋 QID Classifications"",""size"":""Small"",""horizontalAlignment"":""Center""}]},{""type"":""Column"",""width"":""stretch"",""items"":[{""type"":""TextBlock"",""text"":""🏷️ Legacy Status"",""size"":""Small"",""horizontalAlignment"":""Center""}]}],""spacing"":""Small""},{""type"":""ColumnSet"",""columns"":[{""type"":""Column"",""width"":""stretch"",""items"":[{""type"":""TextBlock"",""text"":""🔍 CMDB Tags"",""size"":""Small"",""horizontalAlignment"":""Center""}]},{""type"":""Column"",""width"":""stretch"",""items"":[{""type"":""TextBlock"",""text"":""⏰ Due: 2 Days"",""size"":""Small"",""horizontalAlignment"":""Center"",""color"":""Attention""}]}],""spacing"":""Small""}]}]}],""actions"":[]}",String,High,String,"<html><head><style>body{font-family:Arial,sans-serif;color:#333;max-width:600px;margin:0 auto;padding:15px}.header{background:#667eea;color:#fff;padding:15px;text-align:center}.content{background:#f9f9f9;padding:20px;border:1px solid #ddd}.task-reminder{background:#fff;padding:15px;border-left:4px solid #007acc}.priority-high{background:#fff3cd;border-left:4px solid #ffc107;padding:10px}.priority-badge{background:#dc3545;color:#fff;padding:4px 8px}.footer{background:#f1f1f1;padding:12px;text-align:center;font-size:11px;color:#666}</style></head><body><div class='header'><h1>File Update Reminder</h1><p>Vulnerability Report - Cycle {cycleId}</p></div><div class='content'><div class='task-reminder'><h3>📊 Vulnerability Report Files Ready</h3><p><strong>Task ID:</strong> {taskId} | <strong>Priority:</strong> <span class='priority-badge'>High</span></p><p>Please review and update the required files to proceed with the reporting workflow.</p><p>📋 QID Classifications | 🏷️ Legacy Status<br>🔍 CMDB Tags | ⏰ Due: 2 Days</p></div><div class='priority-high'><p><strong>⚠️ Action Required:</strong> Please complete the file updates to proceed with vulnerability reporting. This is a critical security workflow step.</p></div></div><div class='footer'><p>This is an automated reminder from the IVM Security Reporting System.</p><p><strong>Task ID:</strong> {taskId} | <strong>Cycle ID:</strong> {cycleId} | Generated: {timestamp}</p></div></body></html>",String,Reminder: Complete File Updates for Vulnerability Report - Cycle {cycleId},String,Email,String,,
ScopeTriaging-Report,REPORT-02,"{""type"":""AdaptiveCard"",""$schema"":""http://adaptivecards.io/schemas/adaptive-card.json"",""version"":""1.2"",""body"":[{""type"":""Container"",""style"":""emphasis"",""items"":[{""type"":""TextBlock"",""text"":""🔍 Scoping Triaging for Vulnerability Report"",""size"":""Large"",""weight"":""Bolder"",""color"":""Accent"",""horizontalAlignment"":""Center""}]},{""type"":""Container"",""items"":[{""type"":""TextBlock"",""text"":""Action is required for scoping triaging of vulnerability report."",""wrap"":true,""weight"":""Bolder""}]},{""type"":""Container"",""items"":[{""type"":""TextBlock"",""text"":""📌 **Task Details**"",""weight"":""Bolder"",""size"":""Medium""},{""type"":""FactSet"",""facts"":[{""title"":""📋 Task ID:"",""value"":""{taskId}""},{""title"":""🔄 Cycle ID:"",""value"":""{cycleId}""},{""title"":""🎫 Ticket Number:"",""value"":""{ticketNumber}""},{""title"":""📅 Due Date:"",""value"":""{dueDate}""},{""title"":""⏰ Requested:"",""value"":""{requestedDateTime} UTC""}]}]},{""type"":""Container"",""style"":""warning"",""items"":[{""type"":""TextBlock"",""text"":""📋 **ACTION REQUIRED:** Please review and complete the scoping triaging for the vulnerability report."",""wrap"":true,""weight"":""Bolder"",""color"":""Warning""}]},{""type"":""Container"",""items"":[{""type"":""TextBlock"",""text"":""🔗 **Quick Actions**"",""weight"":""Bolder"",""size"":""Medium"",""horizontalAlignment"":""Center""},{""type"":""TextBlock"",""text"":""Access the new vulnerabilities sheet and complete your review."",""wrap"":true,""horizontalAlignment"":""Center"",""spacing"":""Small""}]}],""actions"":[{""type"":""Action.OpenUrl"",""title"":""🆕 Open New Vulnerabilities"",""url"":""{newVulnSharePointPath}"",""style"":""positive""},{""type"":""Action.OpenUrl"",""title"":""✅ Mark as Completed"",""url"":""{completionUrl}"",""style"":""positive""}]}",String,High,String,"<html><head><style>body{font-family:Arial,sans-serif;line-height:1.6;color:#333;max-width:600px;margin:0 auto;padding:20px;}.header{background:#007acc;color:white;padding:20px;text-align:center;border-radius:8px 8px 0 0;}.content{background:#f9f9f9;padding:30px;border:1px solid #ddd;}.task-details{background:white;padding:20px;margin:20px 0;border-left:4px solid #007acc;border-radius:4px;}.action-button{display:inline-block;background:#28a745;color:white;padding:15px 30px;text-decoration:none;border-radius:5px;font-weight:bold;margin:20px 0;text-align:center;}.priority-high{color:#dc3545;font-weight:bold;}.priority-medium{color:#ffc107;font-weight:bold;}.priority-low{color:#28a745;}.footer{background:#f1f1f1;padding:15px;text-align:center;font-size:12px;color:#666;border-radius:0 0 8px 8px;}</style></head><body><div class='header'><h1>🔍 Scoping Triaging for Vulnerability Report</h1></div><div class='content'><p>Hello,</p><p>Action is required for scoping triaging of vulnerability report.</p><div class='task-details'><h3>📌 Task Details</h3><p><strong>Task ID:</strong> {taskId}</p><p><strong>Cycle ID:</strong> {cycleId}</p><p><strong>Ticket Number:</strong> {ticketNumber}</p><p><strong>Due Date:</strong> {dueDate}</p><p><strong>Requested:</strong> {requestedDateTime} UTC</p></div><div style='background:#fff3cd;border:1px solid #ffeaa7;padding:15px;border-radius:4px;margin:20px 0;'><p style='margin:0;'><strong>📋 ACTION REQUIRED:</strong> Please review and complete the scoping triaging for the vulnerability report.</p></div><div style='text-align:center;margin:30px 0;'><h3>🔗 Quick Actions</h3><p><strong>New Vulnerabilities Triaging Sheet :</strong> <a href='{newVulnSharePointPath}' class='action-button' style='color:white;'>🆕 Open New Vulnerabilities</a></p><p><strong>Mark as Completed:</strong> <a href='{completionUrl}' class='action-button' style='color:white;'>✅ Mark as Completed</a></p></div></div><div class='footer'><p>This is an automated notification from the Vulnerability Reporting System.</p><p><strong>Task ID:</strong> {taskId} | <strong>Cycle ID:</strong> {cycleId} | <strong>Status:</strong> Pending</p></div></body></html>
",String,Action Required: Scoping Triaging for Vulnerability Report - {cycleId},String,Email,String,,
ScopeTriaging-Report,REPORT-04,"{""type"":""AdaptiveCard"",""$schema"":""http://adaptivecards.io/schemas/adaptive-card.json"",""version"":""1.2"",""body"":[{""type"":""Container"",""style"":""good"",""items"":[{""type"":""TextBlock"",""text"":""🔒 Vulnerability Scan Complete"",""size"":""Large"",""weight"":""Bolder"",""color"":""Good"",""horizontalAlignment"":""Center""},{""type"":""TextBlock"",""text"":""Cycle ID: {cycleId}"",""size"":""Medium"",""weight"":""Bolder"",""horizontalAlignment"":""Center"",""spacing"":""Small""}]},{""type"":""Container"",""items"":[{""type"":""TextBlock"",""text"":""Dear Security Team, we are pleased to inform you that the vulnerability triaging process has been successfully completed and validated for scan cycle **{cycleId}**."",""wrap"":true,""weight"":""Bolder""}]},{""type"":""Container"",""style"":""emphasis"",""items"":[{""type"":""TextBlock"",""text"":""📋 **Scan Summary**"",""weight"":""Bolder"",""size"":""Medium""},{""type"":""FactSet"",""facts"":[{""title"":""📊 Status:"",""value"":""✅ Completed & Validated""},{""title"":""🔄 Cycle ID:"",""value"":""{cycleId}""},{""title"":""⏰ Completion Date:"",""value"":""{completionDateTime} UTC""},{""title"":""✅ Validation Status:"",""value"":""{validationStatus}""}]}]},{""type"":""Container"",""items"":[{""type"":""TextBlock"",""text"":""📊 **Final Report Available**"",""weight"":""Bolder"",""size"":""Medium"",""horizontalAlignment"":""Center""},{""type"":""FactSet"",""facts"":[{""title"":""📄 File Name:"",""value"":""{finalReportName}""},{""title"":""📁 Location:"",""value"":""{finalReportFolderPath}""}]},{""type"":""TextBlock"",""text"":""Click the buttons below to access your final vulnerability report."",""wrap"":true,""horizontalAlignment"":""Center"",""spacing"":""Small""}]}],""actions"":[{""type"":""Action.OpenUrl"",""title"":""📄 Open Final Report"",""url"":""{finalReportUrl}"",""style"":""positive""},{""type"":""Action.OpenUrl"",""title"":""📁 Open Report Folder"",""url"":""{reportFolderUrl}"",""style"":""positive""}]}",String,High,String,"<!DOCTYPE html><html><head><style>body{font-family:Arial,sans-serif;line-height:1.6;color:#333;max-width:600px;margin:0 auto;padding:20px}.header{background-color:#0066cc;color:white;padding:20px;text-align:center;border-radius:8px 8px 0 0}.content{background-color:#f9f9f9;padding:30px;border:1px solid #ddd}.highlight{background-color:#e7f3ff;padding:15px;border-left:4px solid #0066cc;margin:20px 0}.download-section{text-align:center;margin:30px 0}.download-btn{display:inline-block;background-color:#0066cc;color:white;padding:15px 30px;text-decoration:none;border-radius:8px;font-weight:bold;font-size:16px;margin:10px;transition:background-color 0.3s}.download-btn:hover{background-color:#0052a3;color:white}.download-btn:visited{color:white}.file-info{background-color:#f0f8ff;padding:15px;border-radius:8px;margin:20px 0;border:1px solid #b3d9ff}.footer{background-color:#f1f1f1;padding:15px;text-align:center;font-size:12px;color:#666;border-radius:0 0 8px 8px}</style></head><body><div class='header'><h1>🔒 Vulnerability Scan Complete</h1><h2>Cycle ID: {cycleId}</h2></div><div class='content'><p>Dear Security Team,</p><p>We are pleased to inform you that the vulnerability triaging process has been successfully completed and validated for scan cycle <strong>{cycleId}</strong>.</p><div class='highlight'><h3>📋 Scan Summary</h3><ul><li><strong>Status:</strong> ✅ Completed & Validated</li><li><strong>Cycle ID:</strong> {cycleId}</li><li><strong>Completion Date:</strong> {completionDateTime} UTC</li><li><strong>Validation Status:</strong> {validationStatus}</li></ul></div><div class='download-section'><h3>📊 Final Report Available</h3><div class='file-info'><p><strong>File Name:</strong> {finalReportName}</p><p><strong>Location:</strong> {finalReportFolderPath}</p></div><a href='{finalReportUrl}' class='download-btn' target='_blank'>📄 Open Final Report</a><br><br><a href='{reportFolderUrl}' class='download-btn' target='_blank'>📁 Open Report Folder</a></div></div><div class='footer'><p>This is an automated message from the Vulnerability Management System</p><p>If you cannot access the file, please contact your SharePoint administrator</p></div></body></html>",String,Vulnerability Scan Report Available - {cycleId},String,Email,String,,
ScopeTriaging-Report,REPORT-06,"{""type"":""AdaptiveCard"",""$schema"":""http://adaptivecards.io/schemas/adaptive-card.json"",""version"":""1.2"",""body"":[{""type"":""Container"",""style"":""emphasis"",""items"":[{""type"":""TextBlock"",""text"":""🔍 Scoping Triaging Required"",""size"":""Large"",""weight"":""Bolder"",""color"":""Accent"",""horizontalAlignment"":""Center""}]},{""type"":""Container"",""items"":[{""type"":""TextBlock"",""text"":""Scoping triaging is required for the vulnerability report cycle."",""wrap"":true,""weight"":""Bolder""}]},{""type"":""Container"",""items"":[{""type"":""TextBlock"",""text"":""📌 **Triaging Task Details**"",""weight"":""Bolder"",""size"":""Medium""},{""type"":""FactSet"",""facts"":[{""title"":""📋 Task ID:"",""value"":""{taskId}""},{""title"":""🔄 Vulnerability Report Cycle:"",""value"":""{cycleId}""},{""title"":""🎫 Support Ticket:"",""value"":""{ticketNumber}""},{""title"":""⏰ Requested:"",""value"":""{requestedDateTime} UTC""}]}]},{""type"":""Container"",""items"":[{""type"":""TextBlock"",""text"":""Please access the vulnerability management system to review scan results and complete the triaging process for this cycle."",""wrap"":true,""spacing"":""Small""}]}]}",String,High,String,"<html><head><style>body{font-family:Arial,sans-serif;line-height:1.4;color:#333;max-width:600px;margin:0 auto;padding:20px}.header{background:#007acc;color:#fff;padding:20px;text-align:center;border-radius:8px 8px 0 0}.content{background:#f9f9f9;padding:25px;border:1px solid #ddd;border-radius:0 0 8px 8px}.triaging-details{background:#fff;padding:18px;margin:18px 0;border-left:4px solid #007acc;border-radius:4px}.triaging-details h3{margin:5px 0 12px;color:#007acc}.footer{background:#f1f1f1;padding:12px;text-align:center;font-size:11px;color:#666;border-radius:0 0 8px 8px}</style></head><body><div class='header'><h1>🔍 Scoping Triaging Required</h1></div><div class='content'><p>Hello,</p><p>Scoping triaging is required for the vulnerability report cycle.</p><div class='triaging-details'><h3>📌 Triaging Task Details</h3><p><strong>Task ID:</strong> {taskId}</p><p><strong>Vulnerability Report Cycle:</strong> {cycleId}</p><p><strong>Support Ticket:</strong> {ticketNumber}</p><p><strong>Requested Date:</strong> {requestedDateTime} UTC</p></div><p>Please access the vulnerability management system to review scan results and complete the triaging process for this cycle.</p></div><div class='footer'><p>This is an automated notification from the Vulnerability Management System.</p><p><strong>Ticket:</strong> {ticketNumber} | <strong>Task ID:</strong> {taskId}</p></div></body></html>",String,"Reminder : Scoping triaging required for vulnerability report. Cycle: {cycleId}, Ticket: {ticketNumber}",String,Email,String,,
ScopeValidate-Report,REPORT-03,"{""type"":""AdaptiveCard"",""$schema"":""http://adaptivecards.io/schemas/adaptive-card.json"",""version"":""1.2"",""body"":[{""type"":""Container"",""style"":""emphasis"",""items"":[{""type"":""TextBlock"",""text"":""🔍 Validation for Vulnerability Triaging"",""size"":""Large"",""weight"":""Bolder"",""color"":""Accent"",""horizontalAlignment"":""Center""}]},{""type"":""TextBlock"",""text"":""The validation of vulnerability triaging has been completed."",""wrap"":true,""weight"":""Bolder""},{""type"":""FactSet"",""facts"":[{""title"":""📋 Task ID:"",""value"":""{taskId}""},{""title"":""🔄 Cycle ID:"",""value"":""{cycleId}""},{""title"":""📊 Status:"",""value"":""{statusText}""},{""title"":""⚠️ Issue Count:"",""value"":""{issueCount}""}]},{""type"":""TextBlock"",""text"":""📄 **Status:** {statusMessage}"",""wrap"":true,""spacing"":""Medium""},{""type"":""TextBlock"",""text"":""{actionMessage}"",""wrap"":true,""weight"":""Bolder""}],""actions"":[{""type"":""Action.OpenUrl"",""title"":""📄 Open Triaging Sheet"",""url"":""{triagingSheetUrl}""},{""type"":""Action.OpenUrl"",""title"":""📥 Legacy Mismatch Report"",""url"":""{legacyMismatchFileUrl}""},{""type"":""Action.OpenUrl"",""title"":""✅ Mark as Completed"",""url"":""{completionUrl}""}]}
",String,High,String,"<html><head><style>body{font-family:Arial,sans-serif;line-height:1.4;color:#333;max-width:600px;margin:0 auto;padding:20px}.header{background:#007acc;color:#fff;padding:20px;text-align:center;border-radius:8px 8px 0 0}.content{background:#f9f9f9;padding:25px;border:1px solid #ddd;border-radius:0 0 8px 8px}.task-details{background:#fff;padding:18px;margin:18px 0;border-left:4px solid #007acc;border-radius:4px}.issues-section{background:#fff3cd;padding:15px;margin:18px 0;border-left:4px solid #ffc107;border-radius:4px}.success-section{background:#d4edda;padding:15px;margin:18px 0;border-left:4px solid #28a745;border-radius:4px;color:#155724}.mismatch-section{background:#f8d7da;padding:15px;margin:18px 0;border-left:4px solid #dc3545;border-radius:4px}.file-link-button{display:inline-block;background:#0078d4;color:#fff;padding:10px 20px;text-decoration:none;border-radius:5px;font-weight:700;margin:10px 0}.info-box{background:#e7f3ff;border-left:4px solid #0078d4;padding:15px;margin:15px 0;border-radius:4px}.action-button{display:inline-block;background:#28a745;color:#fff;padding:12px 25px;text-decoration:none;border-radius:5px;font-weight:700;margin:15px 0}.footer{background:#f1f1f1;padding:12px;text-align:center;font-size:11px;color:#666;border-radius:0 0 8px 8px}.status-ok{color:#28a745;font-weight:700}.status-issue{color:#dc3545;font-weight:700}ul{padding-left:20px;margin:10px 0}li{margin:6px 0;color:#333}</style></head><body><div class='header'><h1>🔍 Validation for Vulnerability Triaging</h1></div><div class='content'><p>Hello,</p><p>The validation of vulnerability triaging has been completed.</p><div class='task-details'><h3>📌 Task Details</h3><p><strong>Task ID:</strong> {taskId}</p><p><strong>Cycle ID:</strong> {cycleId}</p><p><strong>Status:</strong> <span class='{statusClass}'>{statusText}</span></p><p><strong>Issue Count:</strong> {issueCount}</p><p><strong>Status Message:</strong> {statusMessage}</p><p><strong>Triaging Sheet:</strong> <a href='{triagingSheetUrl}' class='action-button'>📄 Open Triaging Sheet</a></p></div>{validationSection}{legacyMismatchSection}<div class='task-details'><p style='color:{actionColor};font-weight:700'>{actionMessage}</p><p><strong>Mark as Completed:</strong> <a href='{completionUrl}' class='action-button'>✅ Mark as Completed</a></p></div></div><div class='footer'><p>This is an automated notification from the Vulnerability Reporting System.</p><p><strong>Task ID:</strong> {taskId} | <strong>Cycle ID:</strong> {cycleId} | <strong>Timestamp:</strong> {timestamp}</p></div></body></html>
",String,Action Required: Validation for Vulnerability Triaging - {cycleId},String,Email,String,,
ScopeValidate-Report,REPORT-07,"{""type"":""AdaptiveCard"",""$schema"":""http://adaptivecards.io/schemas/adaptive-card.json"",""version"":""1.2"",""body"":[{""type"":""Container"",""style"":""good"",""items"":[{""type"":""TextBlock"",""text"":""✅ Scoping Triaging Validation"",""size"":""Large"",""weight"":""Bolder"",""color"":""Good"",""horizontalAlignment"":""Center""}]},{""type"":""Container"",""items"":[{""type"":""TextBlock"",""text"":""Scoping triaging validation is required for the vulnerability report cycle."",""wrap"":true,""weight"":""Bolder""}]},{""type"":""Container"",""items"":[{""type"":""TextBlock"",""text"":""📌 **Validation Task Details**"",""weight"":""Bolder"",""size"":""Medium""},{""type"":""FactSet"",""facts"":[{""title"":""📋 Task ID:"",""value"":""{taskId}""},{""title"":""🔄 Vulnerability Report Cycle:"",""value"":""{cycleId}""},{""title"":""⏰ Requested:"",""value"":""{requestedDateTime} UTC""}]}]},{""type"":""Container"",""items"":[{""type"":""TextBlock"",""text"":""Please validate the completed scoping triaging by reviewing vulnerability assessments, severity classifications, and risk prioritization for this cycle."",""wrap"":true,""spacing"":""Small""}]}]}",String,High,String,"<html><head><style>body{font-family:Arial,sans-serif;line-height:1.4;color:#333;max-width:600px;margin:0 auto;padding:20px}.header{background:#28a745;color:#fff;padding:20px;text-align:center;border-radius:8px 8px 0 0}.content{background:#f9f9f9;padding:25px;border:1px solid #ddd;border-radius:0 0 8px 8px}.validation-details{background:#fff;padding:18px;margin:18px 0;border-left:4px solid #28a745;border-radius:4px}.validation-details h3{margin:5px 0 12px;color:#28a745}.footer{background:#f1f1f1;padding:12px;text-align:center;font-size:11px;color:#666;border-radius:0 0 8px 8px}</style></head><body><div class='header'><h1>✅ Scoping Triaging Validation</h1></div><div class='content'><p>Hello,</p><p>Scoping triaging validation is required for the vulnerability report cycle.</p><div class='validation-details'><h3>📌 Validation Task Details</h3><p><strong>Task ID:</strong> {taskId}</p><p><strong>Vulnerability Report Cycle:</strong> {cycleId}</p><p><strong>Requested Date:</strong> {requestedDateTime} UTC</p></div><p>Please validate the completed scoping triaging by reviewing vulnerability assessments, severity classifications, and risk prioritization for this cycle.</p></div><div class='footer'><p>This is an automated notification from the Vulnerability Management System.</p><p><strong>Cycle:</strong> {cycleId} | <strong>Task ID:</strong> {taskId}</p></div></body></html>",String,Reminder: Scoping Triaging Validation for Vulnerability Report - {taskId},String,Email,String,,
Scoping,SCOP-05,"{""type"":""AdaptiveCard"",""$schema"":""http://adaptivecards.io/schemas/adaptive-card.json"",""version"":""1.2"",""body"":[{""type"":""Container"",""style"":""good"",""items"":[{""type"":""TextBlock"",""text"":""✅ Scoping Phase Completed"",""size"":""Large"",""weight"":""Bolder"",""color"":""Good"",""horizontalAlignment"":""Center""},{""type"":""TextBlock"",""text"":""{cycleId}"",""weight"":""Bolder"",""horizontalAlignment"":""Center"",""color"":""Good"",""spacing"":""Small""}]},{""type"":""Container"",""items"":[{""type"":""TextBlock"",""text"":""The **Scoping** workflow phase has been completed successfully. Asset grouping process has been finalized in Qualys."",""wrap"":true,""weight"":""Bolder""}]},{""type"":""Container"",""items"":[{""type"":""TextBlock"",""text"":""📋 **Workflow Details**"",""weight"":""Bolder"",""size"":""Medium""},{""type"":""ColumnSet"",""columns"":[{""type"":""Column"",""width"":""stretch"",""items"":[{""type"":""TextBlock"",""text"":""Scoping"",""weight"":""Bolder"",""horizontalAlignment"":""Center"",""size"":""Medium"",""color"":""Accent""},{""type"":""TextBlock"",""text"":""Workflow Name"",""horizontalAlignment"":""Center"",""size"":""Small"",""isSubtle"":true}]},{""type"":""Column"",""width"":""stretch"",""items"":[{""type"":""TextBlock"",""text"":""Complete"",""weight"":""Bolder"",""horizontalAlignment"":""Center"",""size"":""Medium"",""color"":""Good""},{""type"":""TextBlock"",""text"":""Status"",""horizontalAlignment"":""Center"",""size"":""Small"",""isSubtle"":true}]}]},{""type"":""FactSet"",""facts"":[{""title"":""🔄 Cycle ID:"",""value"":""{cycleId}""},{""title"":""⏰ Completed:"",""value"":""{completedDateTime} UTC""}]}]}]}",String,High,String,"<html><head><style>body{font-family:Arial,sans-serif;line-height:1.4;color:#333;max-width:600px;margin:0 auto;padding:20px}.header{background:#28a745;color:#fff;padding:20px;text-align:center;border-radius:8px 8px 0 0}.content{background:#f9f9f9;padding:25px;border:1px solid #ddd;border-radius:0 0 8px 8px}.summary{background:#fff;padding:18px;margin:18px 0;border-left:4px solid #28a745;border-radius:4px}.workflow-info{background:#e3f2fd;padding:15px;border-radius:5px;border-left:4px solid #2196f3;margin:20px 0}.footer{background:#f1f1f1;padding:12px;text-align:center;font-size:11px;color:#666;border-radius:0 0 8px 8px}.badge{display:inline-block;background:#6c757d;color:#fff;padding:3px 8px;border-radius:12px;font-size:11px;font-weight:700;text-transform:uppercase}.success{background:#28a745}.info{background:#17a2b8}.warning{background:#ffc107;color:#212529}</style></head><body><div class='header'><h1>✅ Scoping Phase Completed</h1><div style='margin-top:10px'><span class='badge success'>{cycleId}</span></div></div><div class='content'><p>Hello,</p><p>The <strong>Scoping</strong> workflow phase has been completed successfully. Asset grouping process has been finalized in Qualys.</p><div class='workflow-info'><h3>📋 Workflow Details</h3><ul><li><strong>Workflow Name:</strong> <span class='badge info'>Scoping</span></li><li><strong>Notification Type:</strong> <span class='badge success'>Complete</span></li><li><strong>Cycle ID:</strong> <span class='badge'>{cycleId}</span></li><li><strong>Importance:</strong> <span class='badge warning'>Normal</span></li></ul></div></div><div class='footer'><p>This is an automated notification from the Scoping Workflow System.</p><p><strong>Cycle:</strong> {cycleId} | <strong>Completed:</strong> {completedDateTime} UTC</p></div></body></html>
",String,Scoping Phase Completed - {cycleId},String,"Email,Teams",String,"",String
ScopingAssetGroupError,SCOP-03,"{""type"":""AdaptiveCard"",""$schema"":""http://adaptivecards.io/schemas/adaptive-card.json"",""version"":""1.2"",""body"":[{""type"":""Container"",""style"":""attention"",""items"":[{""type"":""TextBlock"",""text"":""❌ Scoping Phase Failed"",""size"":""Large"",""weight"":""Bolder"",""color"":""Attention"",""horizontalAlignment"":""Center""},{""type"":""TextBlock"",""text"":""{cycleId}"",""weight"":""Bolder"",""horizontalAlignment"":""Center"",""color"":""Attention"",""spacing"":""Small""}]},{""type"":""Container"",""items"":[{""type"":""TextBlock"",""text"":""The **Scoping** workflow phase has encountered an error during asset group creation in Qualys."",""wrap"":true,""weight"":""Bolder""}]},{""type"":""Container"",""style"":""warning"",""items"":[{""type"":""TextBlock"",""text"":""📋 **Error Details**"",""weight"":""Bolder"",""color"":""Warning""},{""type"":""FactSet"",""facts"":[{""title"":""🔄 Cycle ID:"",""value"":""{cycleId}""},{""title"":""⚠️ Error Type:"",""value"":""Qualys Asset Group Creation""},{""title"":""📄 Scoping File:"",""value"":""View CMDB Excel File""}]}]},{""type"":""Container"",""style"":""attention"",""items"":[{""type"":""TextBlock"",""text"":""⚠️ **Qualys API Error**"",""weight"":""Bolder"",""color"":""Attention""},{""type"":""TextBlock"",""text"":""**Issue:** Some IP addresses are not in the user account scope and cannot be added to asset groups."",""wrap"":true,""spacing"":""Small""},{""type"":""TextBlock"",""text"":""**Action Required:** Please review the IP addresses in the CMDB file and ensure they are within the authorized Qualys account scope before retrying."",""wrap"":true,""spacing"":""Small""}]},{""type"":""Container"",""items"":[{""type"":""TextBlock"",""text"":""🔗 **Quick Actions**"",""weight"":""Bolder"",""size"":""Medium""},{""type"":""TextBlock"",""text"":""After resolving the IP scope issues, please mark this error as resolved."",""wrap"":true,""spacing"":""Small""}]}],""actions"":[{""type"":""Action.OpenUrl"",""title"":""📄 View CMDB File"",""url"":""{scopingFileUrl}"",""style"":""default""},{""type"":""Action.OpenUrl"",""title"":""✅ Mark as Completed"",""url"":""{completionUrl}"",""style"":""positive""}]}",String,High,String,"<html><head><style>body{font-family:Arial,sans-serif;line-height:1.4;color:#333;max-width:600px;margin:0 auto;padding:20px}.header{background:#dc3545;color:#fff;padding:20px;text-align:center;border-radius:8px 8px 0 0}.content{background:#f9f9f9;padding:25px;border:1px solid #ddd;border-radius:0 0 8px 8px}.error-details{background:#fff3cd;padding:18px;margin:18px 0;border-left:4px solid #ffc107;border-radius:4px}.workflow-info{background:#f8d7da;padding:15px;border-radius:5px;border-left:4px solid #dc3545;margin:20px 0}.footer{background:#f1f1f1;padding:12px;text-align:center;font-size:11px;color:#666;border-radius:0 0 8px 8px}.badge{display:inline-block;background:#6c757d;color:#fff;padding:3px 8px;border-radius:12px;font-size:11px;font-weight:700;text-transform:uppercase}.error{background:#dc3545}.warning{background:#ffc107;color:#212529}.action-section{background:#fff;padding:18px;margin:18px 0;border-radius:5px;text-align:center}.action-button{display:inline-block;background:#28a745;color:#fff;padding:12px 25px;text-decoration:none;border-radius:5px;font-weight:700;margin:15px 0}.file-link{color:#0066cc;text-decoration:none;font-weight:700}.file-link:hover{text-decoration:underline}</style></head><body><div class='header'><h1>❌ Scoping Phase Failed</h1><div style='margin-top:10px'><span class='badge error'>{cycleId}</span></div></div><div class='content'><p>Hello,</p><p>The <strong>Scoping</strong> workflow phase has encountered an error during asset group creation in Qualys.</p><div class='workflow-info'><h3>📋 Error Details</h3><ul><li><strong>Cycle ID:</strong> <span class='badge'>{cycleId}</span></li><li><strong>Error Type:</strong> <span class='badge warning'>Qualys Asset Group Creation</span></li><li><strong>Scoping File Location:</strong> <a href='{scopingFileUrl}' class='file-link'>View CMDB Excel File</a></li></ul></div><div class='error-details'><h3>⚠️ Qualys API Error</h3><p><strong>Issue:</strong> Some IP addresses are not in the user account scope and cannot be added to asset groups.</p><p><strong>Action Required:</strong> Please review the IP addresses in the CMDB file and ensure they are within the authorized Qualys account scope before retrying.</p></div><div class='action-section'><h3>🔗 Quick Actions</h3><p style='margin-bottom:15px'>After resolving the IP scope issues, please mark this error as resolved:</p><a href='{completionUrl}' class='action-button'>✅ Mark as Completed</a></div></div><div class='footer'><p>This is an automated error notification from the Scoping Workflow System.</p><p><strong>Cycle:</strong> {cycleId} | <strong>Failed:</strong> {failedDateTime} UTC</p></div></body></html>",String,Qualys Asset Group Creation Failure - Cycle {cycleId},String,"Email,Teams",String,"",String
ScopingAssetGroupError,SCOP-04,"{""type"":""AdaptiveCard"",""$schema"":""http://adaptivecards.io/schemas/adaptive-card.json"",""version"":""1.2"",""body"":[{""type"":""Container"",""style"":""attention"",""items"":[{""type"":""TextBlock"",""text"":""🚨 Qualys Asset Group Creation Error"",""size"":""Large"",""weight"":""Bolder"",""color"":""Attention"",""horizontalAlignment"":""Center""}]},{""type"":""Container"",""items"":[{""type"":""TextBlock"",""text"":""The Scoping Phase has failed due to IP addresses not in the Qualys user account scope."",""wrap"":true,""weight"":""Bolder""}]},{""type"":""Container"",""items"":[{""type"":""FactSet"",""facts"":[{""title"":""🔄 Cycle:"",""value"":""{cycleId}""},{""title"":""📋 Task ID:"",""value"":""{taskId}""}]}]},{""type"":""Container"",""style"":""warning"",""items"":[{""type"":""TextBlock"",""text"":""Please review and correct the CMDB file to resolve the asset group creation error before retrying the scoping process."",""wrap"":true,""color"":""Warning""}]}]}
",String,High,String,"<html><head><style>body{font-family:Arial,sans-serif;line-height:1.4;color:#333;max-width:600px;margin:0 auto;padding:20px}.header{background:#dc3545;color:#fff;padding:20px;text-align:center;border-radius:8px 8px 0 0}.content{background:#f9f9f9;padding:25px;border:1px solid #ddd;border-radius:0 0 8px 8px}.error-details{background:#fff;padding:18px;margin:18px 0;border-left:4px solid #dc3545;border-radius:4px}.error-details h3{margin:5px 0 12px;color:#dc3545}.footer{background:#f1f1f1;padding:12px;text-align:center;font-size:11px;color:#666;border-radius:0 0 8px 8px}</style></head><body><div class='header'><h1>🚨 Qualys Asset Group Creation Error</h1></div><div class='content'><p>Hello,</p><p>This is a reminder to resolve the Scoping Phase failure.</p><div class='error-details'><h3>📌 Error Reminder Details</h3><p><strong>Cycle ID:</strong> {cycleId}</p><p><strong>Task ID:</strong> {taskId}</p><p><strong>Error:</strong> IP addresses not in Qualys user account scope</p><p><strong>Requested Date:</strong> {requestedDateTime} UTC</p></div><p>Please review and correct the CMDB file to resolve the asset group creation error before retrying the scoping process.</p></div><div class='footer'><p>This is an automated reminder from the Scoping Workflow System.</p><p><strong>Cycle ID:</strong> {cycleId} | <strong>Task ID:</strong> {taskId}</p></div></body></html>",String,Reminder - Resoolve Qualys Asset Group Creation Error - Cycle {cycleId},String,"Email,Teams",String,"",String
ScopingDataRetrieval,SCOP-01,"{""type"":""AdaptiveCard"",""$schema"":""http://adaptivecards.io/schemas/adaptive-card.json"",""version"":""1.2"",""body"":[{""type"":""Container"",""style"":""emphasis"",""items"":[{""type"":""TextBlock"",""text"":""📋 Scoping Data Retrieval Completed"",""size"":""Large"",""weight"":""Bolder"",""color"":""Accent"",""horizontalAlignment"":""Center""}]},{""type"":""Container"",""items"":[{""type"":""TextBlock"",""text"":""CMDB data retrieval with Qualys tag integration has been completed successfully for the scoping phase."",""wrap"":true,""weight"":""Bolder""}]},{""type"":""Container"",""items"":[{""type"":""TextBlock"",""text"":""📊 **Processing Summary**"",""weight"":""Bolder"",""size"":""Medium""},{""type"":""ColumnSet"",""columns"":[{""type"":""Column"",""width"":""stretch"",""items"":[{""type"":""TextBlock"",""text"":""{totalRows}"",""weight"":""Bolder"",""horizontalAlignment"":""Center"",""size"":""Large"",""color"":""Accent""},{""type"":""TextBlock"",""text"":""Total Processed"",""horizontalAlignment"":""Center"",""size"":""Small"",""isSubtle"":true}]},{""type"":""Column"",""width"":""stretch"",""items"":[{""type"":""TextBlock"",""text"":""{tagsUpdatedFromQualys}"",""weight"":""Bolder"",""horizontalAlignment"":""Center"",""size"":""Large"",""color"":""Good""},{""type"":""TextBlock"",""text"":""Qualys Tags"",""horizontalAlignment"":""Center"",""size"":""Small"",""isSubtle"":true}]},{""type"":""Column"",""width"":""stretch"",""items"":[{""type"":""TextBlock"",""text"":""{tagsUpdatedFromExisting}"",""weight"":""Bolder"",""horizontalAlignment"":""Center"",""size"":""Large"",""color"":""Good""},{""type"":""TextBlock"",""text"":""Existing Tags"",""horizontalAlignment"":""Center"",""size"":""Small"",""isSubtle"":true}]}]},{""type"":""FactSet"",""facts"":[{""title"":""🔄 Cycle ID:"",""value"":""{cycleId}""},{""title"":""📄 File:"",""value"":""{fileName}""},{""title"":""⚠️ Missing Tags:"",""value"":""{missingIPsCount}""}]}]},{""type"":""Container"",""style"":""warning"",""items"":[{""type"":""TextBlock"",""text"":""⚠️ **Action Required**"",""weight"":""Bolder"",""color"":""Warning""},{""type"":""TextBlock"",""text"":""{missingIPsCount} IP addresses are missing criticality tags. Please review the data and update missing severity tags before completing."",""wrap"":true,""spacing"":""Small""}]},{""type"":""Container"",""style"":""good"",""items"":[{""type"":""TextBlock"",""text"":""🚫 **Skip Scan Instructions**"",""weight"":""Bolder"",""color"":""Good""},{""type"":""TextBlock"",""text"":""To exclude specific IPs from scanning, set the **Skip Scan** column as **true**. Empty values will be included in the scan."",""wrap"":true,""spacing"":""Small""}]}],""actions"":[{""type"":""Action.OpenUrl"",""title"":""📄 Open File"",""url"":""{fileUrl}"",""style"":""positive""},{""type"":""Action.OpenUrl"",""title"":""✓ Mark as Completed"",""url"":""{completionUrl}"",""style"":""positive""}]}
",String,High,String,"<html><head><style>body{font-family:Arial,sans-serif;line-height:1.4;color:#333;max-width:600px;margin:0 auto;padding:20px}.header{background:#007acc;color:#fff;padding:20px;text-align:center;border-radius:8px 8px 0 0}.content{background:#f9f9f9;padding:25px;border:1px solid #ddd;border-radius:0 0 8px 8px}.summary{background:#fff;padding:18px;margin:18px 0;border-left:4px solid #007acc;border-radius:4px}.summary h3{margin:5px 0 12px;color:#007acc}.summary ul{list-style:none;padding:0;margin:5px 0}.summary li{margin:6px 0;padding:3px 0;line-height:1.3}.skip-scan-info{background:#e7f3ff;padding:15px;border-radius:5px;border-left:4px solid #007acc;margin:20px 0}.skip-scan-info h3{margin:5px 0 10px;color:#007acc}.stats-grid{display:grid;grid-template-columns:repeat(3,1fr);gap:12px;margin:15px 0}.stats-card{background:#f8f9fa;padding:12px;border-radius:4px;text-align:center;border:1px solid #dee2e6}.stats-number{font-size:16px;font-weight:700;color:#007acc;margin-bottom:4px}.stats-label{font-size:11px;color:#666}.missing-count{color:#d63384;font-weight:700;font-size:18px}.footer{background:#f1f1f1;padding:12px;text-align:center;font-size:11px;color:#666;border-radius:0 0 8px 8px}.file-link{color:#007acc;text-decoration:underline;font-weight:600}</style></head><body><div class='header'><h1>📋 Scoping Data Retrieval Completed</h1></div><div class='content'><p>Hello,</p><p>CMDB data retrieval with Qualys tag integration has been completed successfully for the scoping phase.</p><div class='summary'><h3>📊 Processing Summary</h3><div class='stats-grid'><div class='stats-card'><div class='stats-number'>{totalRows}</div><div class='stats-label'>Total Processed</div></div><div class='stats-card'><div class='stats-number'>{tagsUpdatedFromQualys}</div><div class='stats-label'>Qualys Tags</div></div><div class='stats-card'><div class='stats-number'>{tagsUpdatedFromExisting}</div><div class='stats-label'>Existing Tags</div></div></div><ul><li><strong>Cycle ID:</strong> {cycleId}</li><li><strong>File:</strong> {fileName}</li><li><strong>⚠️ Missing Tags Count:</strong> <span class='missing-count'>{missingIPsCount}</span></li></ul></div><div class='skip-scan-info'><h3>🚫 Skip Scan Instructions</h3><p><strong>Note:</strong> To exclude specific IPs from the scanning process, set the <strong>Skip Scan</strong> column as <strong>true</strong>. If the Skip Scan value is empty, the IP will automatically be included in the scan.</p></div><p><strong>File Location:</strong> <a href='{fileUrl}' class='file-link'>{fileName}</a></p></div><div class='footer'><p>This is an automated notification from the Scoping Phase Data Retrieval System with Qualys Integration.</p><p><strong>Task ID:</strong> {requestId} | <strong>Processed:</strong> {processedDateTime} UTC</p></div></body></html>
",String,Action Required: {missingIPsCount} IP Addresses Missing Tags - Cycle {cycleId},String,"Email,Teams",String,"",String
ScopingDataRetrieval,SCOP-02,"{""type"":""AdaptiveCard"",""$schema"":""http://adaptivecards.io/schemas/adaptive-card.json"",""version"":""1.2"",""body"":[{""type"":""Container"",""style"":""emphasis"",""items"":[{""type"":""TextBlock"",""text"":""📋 Scoping Data Retrieval Completed"",""size"":""Large"",""weight"":""Bolder"",""color"":""Accent"",""horizontalAlignment"":""Center""}]},{""type"":""Container"",""items"":[{""type"":""TextBlock"",""text"":""CMDB data retrieval with Qualys integration has been completed successfully for the scoping phase."",""wrap"":true,""weight"":""Bolder""}]},{""type"":""Container"",""items"":[{""type"":""TextBlock"",""text"":""📌 **Task Details**"",""weight"":""Bolder"",""size"":""Medium""},{""type"":""FactSet"",""facts"":[{""title"":""📋 Task ID:"",""value"":""{requestId}""},{""title"":""🔄 Cycle ID:"",""value"":""{cycleId}""},{""title"":""📄 File:"",""value"":""{fileName}""},{""title"":""⏰ Completed:"",""value"":""{completedDateTime} UTC""}]}]},{""type"":""Container"",""items"":[{""type"":""TextBlock"",""text"":""📊 **Processing Summary**"",""weight"":""Bolder"",""size"":""Medium""},{""type"":""ColumnSet"",""columns"":[{""type"":""Column"",""width"":""stretch"",""items"":[{""type"":""TextBlock"",""text"":""{totalRows}"",""weight"":""Bolder"",""horizontalAlignment"":""Center"",""size"":""ExtraLarge"",""color"":""Accent""},{""type"":""TextBlock"",""text"":""Total Rows"",""horizontalAlignment"":""Center"",""size"":""Small"",""isSubtle"":true}]},{""type"":""Column"",""width"":""stretch"",""items"":[{""type"":""TextBlock"",""text"":""{tagsUpdatedFromQualys}"",""weight"":""Bolder"",""horizontalAlignment"":""Center"",""size"":""ExtraLarge"",""color"":""Good""},{""type"":""TextBlock"",""text"":""Tags Updated from Qualys"",""horizontalAlignment"":""Center"",""size"":""Small"",""isSubtle"":true}]}]}]},{""type"":""Container"",""style"":""good"",""items"":[{""type"":""TextBlock"",""text"":""✅ **Good News:** All IP addresses have been successfully tagged with criticality information from Qualys."",""wrap"":true,""weight"":""Bolder"",""color"":""Good""}]},{""type"":""Container"",""style"":""warning"",""items"":[{""type"":""TextBlock"",""text"":""🚫 **Skip Scan Instructions**"",""weight"":""Bolder"",""color"":""Warning""},{""type"":""TextBlock"",""text"":""To exclude specific IPs from scanning, set the **Skip Scan** column as **true**. Empty values will be included in the scan."",""wrap"":true,""spacing"":""Small""}]},{""type"":""Container"",""items"":[{""type"":""TextBlock"",""text"":""✅ **Complete Task**"",""weight"":""Bolder"",""size"":""Medium"",""horizontalAlignment"":""Center""},{""type"":""TextBlock"",""text"":""Review the processed data and mark as completed when ready."",""wrap"":true,""horizontalAlignment"":""Center"",""spacing"":""Small""}]}],""actions"":[{""type"":""Action.OpenUrl"",""title"":""📄 Open File"",""url"":""{fileUrl}"",""style"":""positive""},{""type"":""Action.OpenUrl"",""title"":""✓ Mark as Completed"",""url"":""{completionUrl}"",""style"":""positive""}]}
",String,High,String,"<html><head><style>body{font-family:Arial,sans-serif;line-height:1.4;color:#333;max-width:600px;margin:0 auto;padding:20px}.header{background:#007acc;color:#fff;padding:20px;text-align:center;border-radius:8px 8px 0 0}.content{background:#f9f9f9;padding:25px;border:1px solid #ddd;border-radius:0 0 8px 8px}.task-details{background:#fff;padding:18px;margin:18px 0;border-left:4px solid #007acc;border-radius:4px}.task-details h3{margin:5px 0 12px;color:#007acc}.task-details p{margin:8px 0;line-height:1.3}.success-section{background:#d1ecf1;border:1px solid #bee5eb;padding:15px;border-radius:4px;margin:20px 0;color:#0c5460}.skip-scan-info{background:#e7f3ff;padding:15px;border-radius:5px;border-left:4px solid #007acc;margin:20px 0}.skip-scan-info h3{margin:5px 0 10px;color:#007acc}.footer{background:#f1f1f1;padding:12px;text-align:center;font-size:11px;color:#666;border-radius:0 0 8px 8px}.file-link{color:#007acc;text-decoration:underline;font-weight:600}.stats-grid{display:grid;grid-template-columns:1fr 1fr;gap:12px;margin:15px 0}.stats-card{background:#f8f9fa;padding:12px;border-radius:4px;text-align:center;border:1px solid #dee2e6}.stats-number{font-size:16px;font-weight:700;color:#007acc;margin-bottom:4px}.stats-label{font-size:11px;color:#666}</style></head><body><div class='header'><h1>📋 Scoping Data Retrieval Completed</h1></div><div class='content'><p>Hello,</p><p>CMDB data retrieval with Qualys integration has been completed successfully for the scoping phase.</p><div class='task-details'><h3>📌 Task Details</h3><p><strong>Task ID:</strong> {requestId}</p><p><strong>Cycle ID:</strong> {cycleId}</p><p><strong>File:</strong> <a href='{fileUrl}' class='file-link'>{fileName}</a></p><div class='stats-grid'><div class='stats-card'><div class='stats-number'>{totalRows}</div><div class='stats-label'>Total Rows</div></div><div class='stats-card'><div class='stats-number'>{tagsUpdatedFromQualys}</div><div class='stats-label'>Tags Updated from Qualys</div></div></div><p><strong>Completed:</strong> {completedDateTime} UTC</p></div><div class='success-section'><p style='margin:0'><strong>✅ Good News:</strong> All IP addresses have been successfully tagged with criticality information from Qualys.</p></div><div class='skip-scan-info'><h3>🚫 Skip Scan Instructions</h3><p><strong>Note:</strong> To exclude specific IPs from the scanning process, set the <strong>Skip Scan</strong> column as <strong>true</strong>. If the Skip Scan value is empty, the IP will automatically be included in the scan.</p></div></div><div class='footer'><p>This is an automated notification from the Scoping Phase Data Retrieval System.</p><p><strong>Task ID:</strong> {requestId}</p></div></body></html>
",String,Action Required: Scoping Data Retrieval Completed - ID: {requestId},String,"Email,Teams",String,"",String
ScopingPhase-DataRetrieval,SCOP-01,"{""type"":""AdaptiveCard"",""$schema"":""http://adaptivecards.io/schemas/adaptive-card.json"",""version"":""1.2"",""body"":[{""type"":""Container"",""style"":""emphasis"",""items"":[{""type"":""TextBlock"",""text"":""🎯 Scoping Data Retrieval Completed"",""size"":""Large"",""weight"":""Bolder"",""color"":""Good"",""horizontalAlignment"":""Center""}]},{""type"":""Container"",""items"":[{""type"":""FactSet"",""facts"":[{""title"":""📋 Task ID:"",""value"":""{requestId}""},{""title"":""📊 Cycle ID:"",""value"":""{cycleId}""},{""title"":""📁 File:"",""value"":""{fileName}""},{""title"":""📏 Total Rows:"",""value"":""{totalRows}""},{""title"":""🏷️ Tags Updated:"",""value"":""{tagsUpdatedFromQualys}""},{""title"":""⏰ Completed:"",""value"":""{completedDateTime} UTC""}]}]},""{statusContainer}""],""actions"":[{""type"":""Action.OpenUrl"",""title"":""✅ Complete Task"",""url"":""{completionUrl}"",""style"":""positive""},{""type"":""Action.OpenUrl"",""title"":""📁 Open File"",""url"":""{fileUrl}""},{""type"":""Action.OpenUrl"",""title"":""📂 Open Folder"",""url"":""{folderUrl}""}]}",String,High,String,"<html><head><style>body{font-family:Arial,sans-serif;max-width:600px;margin:0 auto;}.header{background:#007acc;color:white;padding:15px;text-align:center;}.content{padding:20px;}.details{background:#f9f9f9;padding:15px;margin:10px 0;border-left:4px solid #007acc;}.status{padding:10px;margin:10px 0;border-radius:4px;}.success{background:#d4edda;border:1px solid #c3e6cb;}.warning{background:#fff3cd;border:1px solid #ffeaa7;}.btn{display:inline-block;background:#28a745;color:white;padding:10px 20px;text-decoration:none;border-radius:4px;margin:5px 0;}</style></head><body><div class='header'><h2>📋 Scoping Data Retrieval Completed</h2></div><div class='content'><p>CMDB data retrieval with Qualys integration completed successfully.</p><div class='details'><p><strong>Task ID:</strong> {requestId}</p><p><strong>Cycle ID:</strong> {cycleId}</p><p><strong>File:</strong> <a href=""{fileUrl}"">{fileName}</a></p><p><strong>Total Rows:</strong> {totalRows}</p><p><strong>Qualys Tags Updated:</strong> {tagsUpdatedFromQualys}</p><p><strong>Completed:</strong> {completedDateTime} UTC</p></div><div class='{statusClass}'><strong>{statusTitle}</strong><br>{statusMessage}</div><div style='text-align:center;'><a href='{completionUrl}' class='btn'>✓ Complete Task</a></div></div></body></html>",String,Action Required: Scoping Data Retrieval Completed - ID: {requestId},String,"Email,Teams",String,"",String
VulnScan-CHGApproval,VULN-08,"{""type"":""AdaptiveCard"",""$schema"":""http://adaptivecards.io/schemas/adaptive-card.json"",""version"":""1.2"",""body"":[{""type"":""Container"",""style"":""attention"",""items"":[{""type"":""TextBlock"",""text"":""📋 Change Request Approval"",""size"":""Large"",""weight"":""Bolder"",""color"":""Attention"",""horizontalAlignment"":""Center""}]},{""type"":""Container"",""items"":[{""type"":""TextBlock"",""text"":""A change request approval is required for vulnerability scanning activities."",""wrap"":true,""weight"":""Bolder""}]},{""type"":""Container"",""items"":[{""type"":""TextBlock"",""text"":""📌 **Change Request Details**"",""weight"":""Bolder"",""size"":""Medium""},{""type"":""FactSet"",""facts"":[{""title"":""📋 Task ID:"",""value"":""{taskId}""},{""title"":""🔄 Change Number:"",""value"":""{chgNumber}""},{""title"":""🔍 Vulnerability Scan Cycle:"",""value"":""{cycleId}""},{""title"":""⏰ Requested:"",""value"":""{requestedDateTime} UTC""}]}]},{""type"":""Container"",""items"":[{""type"":""TextBlock"",""text"":""Please access your change management system to review the change details and provide approval for change number {chgNumber}."",""wrap"":true,""spacing"":""Small""}]}]}",String,High,String,"<html><head><style>body{font-family:Arial,sans-serif;line-height:1.4;color:#333;max-width:600px;margin:0 auto;padding:20px}.header{background:#dc3545;color:#fff;padding:20px;text-align:center;border-radius:8px 8px 0 0}.content{background:#f9f9f9;padding:25px;border:1px solid #ddd;border-radius:0 0 8px 8px}.change-details{background:#fff;padding:18px;margin:18px 0;border-left:4px solid #dc3545;border-radius:4px}.change-details h3{margin:5px 0 12px;color:#dc3545}.footer{background:#f1f1f1;padding:12px;text-align:center;font-size:11px;color:#666;border-radius:0 0 8px 8px}</style></head><body><div class='header'><h1>📋 Change Request Approval</h1></div><div class='content'><p>Hello,</p><p>A change request approval is required for vulnerability scanning activities.</p><div class='change-details'><h3>📌 Change Request Details</h3><p><strong>Task ID:</strong> {taskId}</p><p><strong>Change Number:</strong> {chgNumber}</p><p><strong>Vulnerability Scan Cycle:</strong> {cycleId}</p><p><strong>Requested Date:</strong> {requestedDateTime} UTC</p></div><p>Please access your change management system to review the change details and provide approval for change number {chgNumber}.</p></div><div class='footer'><p>This is an automated notification from the Change Management System.</p><p><strong>Change Number:</strong> {chgNumber} | <strong>Task ID:</strong> {taskId}</p></div></body></html>",String,"Change request approval required for vulnerability scanning. Change Number: {chgNumber}, Cycle: {cycleId}",String,Email,String,,
Vulnerability-Scan,VULN-01,"{""type"":""AdaptiveCard"",""$schema"":""http://adaptivecards.io/schemas/adaptive-card.json"",""version"":""1.2"",""body"":[{""type"":""Container"",""style"":""emphasis"",""items"":[{""type"":""TextBlock"",""text"":""📋 Change Request Details Required"",""size"":""Large"",""weight"":""Bolder"",""color"":""Attention"",""horizontalAlignment"":""Center""}]},{""type"":""Container"",""items"":[{""type"":""TextBlock"",""text"":""A vulnerability scanning cycle (**{cycleId}**) requires CHG details to proceed."",""wrap"":true,""spacing"":""Medium""}]},{""type"":""Container"",""items"":[{""type"":""FactSet"",""facts"":[{""title"":""📊 Cycle ID:"",""value"":""{cycleId}""},{""title"":""📋 Task ID:"",""value"":""{taskId}""},{""title"":""🏢 Asset Groups:"",""value"":""{assetGroupsList}""},{""title"":""🔍 Source:"",""value"":""{scannerId}""},{""title"":""📁 Destination:"",""value"":""{cmdbReportFileName}""}]}]},{""type"":""Container"",""items"":[{""type"":""TextBlock"",""text"":""**What you need to do:**"",""weight"":""Bolder"",""spacing"":""Medium""},{""type"":""TextBlock"",""text"":""1. Click the button below to access the CHG form\n2. Enter your CHG number and planned end date\n3. Submit the form to continue the vulnerability scanning process"",""wrap"":true,""spacing"":""Small""}]},{""type"":""Container"",""style"":""attention"",""items"":[{""type"":""TextBlock"",""text"":""⚡ **Action Required:** The scanning process will continue automatically once you submit the CHG details."",""wrap"":true,""color"":""Attention"",""weight"":""Bolder""}]}],""actions"":[{""type"":""Action.OpenUrl"",""title"":""📝 Enter CHG Details"",""url"":""{chgFormUrl}"",""style"":""positive""},{""type"":""Action.OpenUrl"",""title"":""📁 View Report"",""url"":""{fullCmdbReportUrl}""}]}
",String,High,String,"<html><head><style>body{font-family:Arial,sans-serif;line-height:1.6;color:#333;max-width:600px;margin:0 auto;padding:20px;}.header{background:#007acc;color:white;padding:20px;text-align:center;border-radius:8px 8px 0 0;}.content{background:#f9f9f9;padding:30px;border:1px solid #ddd;}.task-details{background:white;padding:20px;margin:20px 0;border-left:4px solid #007acc;border-radius:4px;}.action-button{display:inline-block;background:#28a745;color:white;padding:15px 30px;text-decoration:none;border-radius:5px;font-weight:bold;margin:20px 0;text-align:center;}.priority-high{color:#dc3545;font-weight:bold;}.priority-medium{color:#ffc107;font-weight:bold;}.priority-low{color:#28a745;}.footer{background:#f1f1f1;padding:15px;text-align:center;font-size:12px;color:#666;border-radius:0 0 8px 8px;}</style></head><body><div class='header'><h1>📋 Change Request Details Required</h1></div><div class='content'><p>A vulnerability scanning cycle (<strong>{cycleId}</strong>) requires CHG details to proceed.</p><div class='task-details'><h3>📊 Scan Details:</h3><ul><li><strong>Cycle ID:</strong> {cycleId}</li><li><strong>Task ID:</strong> {taskId}</li><li><strong>Asset Groups:</strong> {assetGroupsList}</li><li><strong>Source:</strong> {scannerId}</li><li><strong>Destination:</strong> <a href='{fullCmdbReportUrl}' target='_blank'>{cmdbReportFileName}</a></li></ul></div><p><strong>What you need to do:</strong></p><ol><li>Click the link below to access the CHG form</li><li>Enter your CHG number and planned end date</li><li>Submit the form to continue the vulnerability scanning process</li></ol><div style='text-align:center;margin:30px 0;'><a href='{chgFormUrl}' class='action-button' style='color:white;'>📝 Enter CHG Details</a></div><p><strong>⚡ Action Required:</strong> The scanning process will continue automatically once you submit the CHG details.</p></div><div class='footer'><p>This is an automated notification from the Vulnerability Scanning System.</p><p><strong>Task ID:</strong> {taskId} | <strong>Cycle ID:</strong> {cycleId}</p></div></body></html>",String,CHG Details Required for Vulnerability Scanning - {cycleId},String,,,,
Vulnerability-Scan,VULN-02,"{""type"":""AdaptiveCard"",""$schema"":""http://adaptivecards.io/schemas/adaptive-card.json"",""version"":""1.2"",""body"":[{""type"":""Container"",""style"":""attention"",""items"":[{""type"":""TextBlock"",""text"":""🚨 Alert Suppression Request"",""size"":""Large"",""weight"":""Bolder"",""color"":""Warning"",""horizontalAlignment"":""Center""}]},{""type"":""Container"",""style"":""warning"",""items"":[{""type"":""TextBlock"",""text"":""Please be advised that vulnerability scanning for cycle **{cycleId}** is scheduled. Requesting suppression of standard alerts originating from Qualys scanners during the scanning period."",""wrap"":true,""horizontalAlignment"":""Center"",""weight"":""Bolder""}]},{""type"":""Container"",""items"":[{""type"":""TextBlock"",""text"":""📅 **Scanning Schedule**"",""weight"":""Bolder"",""size"":""Medium""},{""type"":""FactSet"",""facts"":[{""title"":""🗓️ Start Date:"",""value"":""{scanStartDate}""},{""title"":""🗓️ End Date:"",""value"":""{scanEndDate}""},{""title"":""📋 Change Reference:"",""value"":""{chgNumber}""},{""title"":""🔄 Cycle ID:"",""value"":""{cycleId}""}]}]},{""type"":""Container"",""style"":""emphasis"",""items"":[{""type"":""TextBlock"",""text"":""🎯 **Target Assets**"",""weight"":""Bolder"",""size"":""Medium""},{""type"":""TextBlock"",""text"":""**Asset Groups:**"",""weight"":""Bolder"",""spacing"":""Small""},{""type"":""TextBlock"",""text"":""{assetGroupsList}"",""wrap"":true,""fontType"":""Monospace"",""spacing"":""Small""}]},{""type"":""Container"",""style"":""good"",""items"":[{""type"":""TextBlock"",""text"":""⚠️ **Action Required:** Please suppress standard monitoring alerts from Qualys scanners for the specified asset groups during the scanning window."",""wrap"":true,""weight"":""Bolder"",""color"":""Attention""}]}],""actions"":[]}",String,High,String,"<html><head><style>body{font-family:Arial,sans-serif;line-height:1.6;color:#333;max-width:600px;margin:0 auto;padding:20px;}.header{background:#ff6b35;color:white;padding:20px;text-align:center;border-radius:8px 8px 0 0;}.content{background:#f9f9f9;padding:30px;border:1px solid #ddd;border-radius:0 0 8px 8px;}.alert-message{background:#fff3cd;color:#856404;padding:20px;border-radius:5px;border-left:4px solid #ffc107;text-align:center;font-size:16px;font-weight:500;margin-bottom:20px;}.scan-details{background:white;padding:20px;border-radius:5px;border:1px solid #dee2e6;margin:20px 0;}.cycle-badge{background:#17a2b8;color:white;padding:6px 12px;border-radius:15px;font-size:14px;font-weight:600;margin:0 5px;}.change-badge{background:#6f42c1;color:white;padding:6px 12px;border-radius:15px;font-size:14px;font-weight:600;margin:0 5px;}.date-highlight{background:#e9ecef;padding:10px;border-radius:5px;margin:10px 0;font-weight:bold;}.assets-section{background:#f8f9fa;padding:15px;border-radius:5px;border-left:4px solid #007bff;margin:15px 0;}.footer{background:#f1f1f1;padding:15px;text-align:center;font-size:12px;color:#666;margin-top:20px;border-radius:5px;}</style></head><body><div class='header'><h1>🚨 Alert Suppression Request</h1></div><div class='content'><div class='alert-message'>Please be advised that vulnerability scanning for cycle <span class='cycle-badge'>{cycleId}</span> is scheduled. Requesting suppression of standard alerts originating from Qualys scanners during the scanning period.</div><div class='scan-details'><h3>📅 Scanning Schedule</h3><div class='date-highlight'><p><strong>Start Date:</strong> {scanStartDate}</p><p><strong>End Date:</strong> {scanEndDate}</p></div><p><strong>Change Reference:</strong> <span class='change-badge'>{chgNumber}</span></p><p><strong>Cycle ID:</strong> {cycleId}</p></div><div class='assets-section'><h3>🎯 Target Assets</h3><p><strong>Asset Groups:</strong></p><div style='background:white;padding:10px;border-radius:3px;font-family:monospace;'>{assetGroupsList}</div></div><div style='background:#d4edda;border:1px solid #c3e6cb;padding:15px;border-radius:4px;margin:20px 0;'><p style='margin:0;'><strong>⚠️ Action Required:</strong> Please suppress standard monitoring alerts from Qualys scanners for the specified asset groups during the scanning window.</p></div></div><div class='footer'><p>This is an automated notification from the Vulnerability Management System.</p><p><strong>Requested:</strong> {requestedDateTime} UTC</p></div></body></html>",String,Vulnerability Scanning Window - Alert Suppression Requested - {cycleId},String,Email,String,,
Vulnerability-Scan,VULN-03,"{""type"":""AdaptiveCard"",""$schema"":""http://adaptivecards.io/schemas/adaptive-card.json"",""version"":""1.2"",""body"":[{""type"":""Container"",""style"":""emphasis"",""items"":[{""type"":""TextBlock"",""text"":""🔔 Change Request Status Notification"",""size"":""Large"",""weight"":""Bolder"",""color"":""Default"",""horizontalAlignment"":""Center""}]},{""type"":""Container"",""items"":[{""type"":""TextBlock"",""text"":""This is a notification regarding the change request for vulnerability scanning."",""wrap"":true,""spacing"":""Medium""}]},{""type"":""Container"",""items"":[{""type"":""TextBlock"",""text"":""📌 **Change Request Details**"",""weight"":""Bolder"",""size"":""Medium""},{""type"":""FactSet"",""facts"":[{""title"":""📋 Task ID:"",""value"":""{taskId}""},{""title"":""🔄 Cycle ID:"",""value"":""{cycleId}""},{""title"":""📝 Change Number:"",""value"":""{chgNumber}""},{""title"":""📊 Current Status:"",""value"":""Pending""},{""title"":""⚙️ Workflow:"",""value"":""VulnScan-CHGApproval""},{""title"":""🎯 Asset Groups:"",""value"":""{assetGroupsList}""},{""title"":""⏰ Requested:"",""value"":""{requestedDateTime} UTC""}]}]},{""type"":""Container"",""style"":""warning"",""items"":[{""type"":""TextBlock"",""text"":""📋 **STATUS UPDATE:** Please be notified that this change request is currently pending approval."",""wrap"":true,""weight"":""Bolder"",""color"":""Warning""}]},{""type"":""Container"",""items"":[{""type"":""TextBlock"",""text"":""🔔 **Notify After Change Request Status Update**"",""weight"":""Bolder"",""size"":""Medium"",""horizontalAlignment"":""Center""},{""type"":""TextBlock"",""text"":""Click the buttons below to set up notifications after approval:"",""wrap"":true,""horizontalAlignment"":""Center"",""spacing"":""Small""}]}],""actions"":[{""type"":""Action.OpenUrl"",""title"":""🔔 CHG Approval"",""url"":""{approvalUrl}"",""style"":""positive""},{""type"":""Action.OpenUrl"",""title"":""🔔 CHG Rejection"",""url"":""{rejectionUrl}"",""style"":""destructive""}]}",String,High,String,"<html><head><style>body{font-family:Arial,sans-serif;line-height:1.6;color:#333;max-width:600px;margin:0 auto;padding:20px;}.header{background:#007acc;color:white;padding:20px;text-align:center;border-radius:8px 8px 0 0;}.content{background:#f9f9f9;padding:30px;border:1px solid #ddd;}.task-details{background:white;padding:20px;margin:20px 0;border-left:4px solid #007acc;border-radius:4px;}.action-button{display:inline-block;background:#28a745;color:white;padding:15px 30px;text-decoration:none;border-radius:5px;font-weight:bold;margin:20px 0;text-align:center;}.priority-high{color:#dc3545;font-weight:bold;}.priority-medium{color:#ffc107;font-weight:bold;}.priority-low{color:#28a745;}.footer{background:#f1f1f1;padding:15px;text-align:center;font-size:12px;color:#666;border-radius:0 0 8px 8px;}</style></head><body><div class='header'><h1>🔔 Change Request Status Notification</h1></div><div class='content'><p>Hello,</p><p>This is a notification regarding the change request for vulnerability scanning.</p><div class='task-details'><h3>📌 Change Request Details</h3><p><strong>Task ID:</strong> {taskId}</p><p><strong>Cycle ID:</strong> {cycleId}</p><p><strong>Change Number:</strong> {chgNumber}</p><p><strong>Current Status:</strong> Pending</p><p><strong>Workflow:</strong> VulnScan-CHGApproval</p><p><strong>Asset Groups:</strong> {assetGroupsList}</p><p><strong>Requested:</strong> {requestedDateTime} UTC</p></div><div style='background:#fff3cd;border:1px solid #ffeaa7;padding:15px;border-radius:4px;margin:20px 0;'><p style='margin:0;'><strong>📋 STATUS UPDATE:</strong> Please be notified that this change request is currently pending approval.</p></div><div style='text-align:center;margin:30px 0;'><h3>🔔 Notify After Change Request is Approved</h3><p>Click the buttons below to set up notifications after approval:</p><a href='{approvalUrl}' class='action-button' style='color:white;'>🔔 CHG Number Approval</a><br><br><br><a href='{rejectionUrl}' class='action-button' style='color:white; background:#6c757d;'>🔔 CHG Number Rejection</a></div></div><div class='footer'><p>This is an automated notification from the Vulnerability Scanning System.</p><p><strong>Task ID:</strong> {taskId} | <strong>Change Number:</strong> {chgNumber} | <strong>Status:</strong> Pending</p></div></body></html>",String,Change Request Status Update - {cycleId},String,Email,String,,
Vulnerability-Scan,VULN-04,"{""type"":""AdaptiveCard"",""$schema"":""http://adaptivecards.io/schemas/adaptive-card.json"",""version"":""1.2"",""body"":[{""type"":""Container"",""style"":""good"",""items"":[{""type"":""TextBlock"",""text"":""✅ Change Request Approved"",""size"":""Large"",""weight"":""Bolder"",""color"":""Good"",""horizontalAlignment"":""Center""}]},{""type"":""Container"",""style"":""good"",""items"":[{""type"":""TextBlock"",""text"":""The ServiceNow Change Request **{chgNumber}** for the **{cycleId}** vulnerability scanning window has been approved."",""wrap"":true,""horizontalAlignment"":""Center"",""weight"":""Bolder"",""size"":""Medium""}]},{""type"":""Container"",""items"":[{""type"":""TextBlock"",""text"":""📋 **Next Steps**"",""weight"":""Bolder"",""size"":""Medium""},{""type"":""FactSet"",""facts"":[{""title"":""📊 Status:"",""value"":""✅ Approved""},{""title"":""⚡ Action:"",""value"":""Scans will proceed as scheduled""},{""title"":""🔄 Scanning Window:"",""value"":""{cycleId}""},{""title"":""⏰ Approved:"",""value"":""{approvedDateTime} UTC""}]}]}],""actions"":[]}",String,High,String,"<html><head><style>body{font-family:Arial,sans-serif;line-height:1.6;color:#333;max-width:600px;margin:0 auto;padding:20px;}.header{background:#28a745;color:white;padding:20px;text-align:center;border-radius:8px 8px 0 0;}.content{background:#f9f9f9;padding:30px;border:1px solid #ddd;border-radius:0 0 8px 8px;}.success-message{background:#d4edda;color:#155724;padding:20px;border-radius:5px;border-left:4px solid #28a745;text-align:center;font-size:16px;font-weight:500;margin-bottom:20px;}.change-details{background:white;padding:20px;border-radius:5px;border:1px solid #dee2e6;margin:20px 0;}.change-badge{background:#007bff;color:white;padding:6px 12px;border-radius:15px;font-size:14px;font-weight:600;margin:0 5px;}.cycle-badge{background:#17a2b8;color:white;padding:6px 12px;border-radius:15px;font-size:14px;font-weight:600;margin:0 5px;}.footer{background:#f1f1f1;padding:15px;text-align:center;font-size:12px;color:#666;margin-top:20px;border-radius:5px;}</style></head><body><div class='header'><h1>✅ Change Request Approved</h1></div><div class='content'><div class='success-message'>The ServiceNow Change Request <span class='change-badge'>{chgNumber}</span> for the <span class='cycle-badge'>{cycleId}</span> vulnerability scanning window has been approved.</div><div class='change-details'><h3>📋 Next Steps</h3><p><strong>Status:</strong> <span style='color:#28a745;font-weight:bold;'>✅ Approved</span></p><p><strong>Action:</strong> Scans will proceed as scheduled</p><p><strong>Scanning Window:</strong> {cycleId}</p></div><div class='footer'><p>This is an automated notification from the ServiceNow Change Management System.</p><p><strong>Approved:</strong> {approvedDateTime} UTC</p></div></div></body></html>",String,Vulnerability Scan CHG [{chgNumber}] Approved - {cycleId},String,Email,String,,
Vulnerability-Scan,VULN-05,"{""type"":""AdaptiveCard"",""$schema"":""http://adaptivecards.io/schemas/adaptive-card.json"",""version"":""1.2"",""body"":[{""type"":""Container"",""style"":""attention"",""items"":[{""type"":""TextBlock"",""text"":""🔄 Vulnerability Rescan Initiated"",""size"":""Large"",""weight"":""Bolder"",""color"":""Warning"",""horizontalAlignment"":""Center""}]},{""type"":""Container"",""style"":""warning"",""items"":[{""type"":""TextBlock"",""text"":""Vulnerability rescan has been automatically triggered for cycle **{cycleId}** after excluding previously identified IPs from authentication failures and host connectivity issues."",""wrap"":true,""horizontalAlignment"":""Center"",""weight"":""Bolder""}]},{""type"":""Container"",""items"":[{""type"":""TextBlock"",""text"":""📊 **Rescan Summary**"",""weight"":""Bolder"",""size"":""Medium""},{""type"":""ColumnSet"",""columns"":[{""type"":""Column"",""width"":""stretch"",""items"":[{""type"":""TextBlock"",""text"":""🔐 **New Auth Failures**"",""weight"":""Bolder"",""horizontalAlignment"":""Center"",""size"":""Small""},{""type"":""TextBlock"",""text"":""{filteredAuthFailedCount}"",""weight"":""Bolder"",""horizontalAlignment"":""Center"",""size"":""ExtraLarge"",""color"":""Attention""},{""type"":""TextBlock"",""text"":""({totalAuthFailedCount} total)"",""horizontalAlignment"":""Center"",""size"":""Small"",""isSubtle"":true}]},{""type"":""Column"",""width"":""stretch"",""items"":[{""type"":""TextBlock"",""text"":""💻 **New Host Not Alive**"",""weight"":""Bolder"",""horizontalAlignment"":""Center"",""size"":""Small""},{""type"":""TextBlock"",""text"":""{filteredHostNotAliveCount}"",""weight"":""Bolder"",""horizontalAlignment"":""Center"",""size"":""ExtraLarge"",""color"":""Attention""},{""type"":""TextBlock"",""text"":""({totalHostNotAliveCount} total)"",""horizontalAlignment"":""Center"",""size"":""Small"",""isSubtle"":true}]},{""type"":""Column"",""width"":""stretch"",""items"":[{""type"":""TextBlock"",""text"":""🎯 **Total Rescanning**"",""weight"":""Bolder"",""horizontalAlignment"":""Center"",""size"":""Small""},{""type"":""TextBlock"",""text"":""{totalRescanIPs}"",""weight"":""Bolder"",""horizontalAlignment"":""Center"",""size"":""ExtraLarge"",""color"":""Good""}]}]}]},{""type"":""Container"",""items"":[{""type"":""FactSet"",""facts"":[{""title"":""📊 Rescan Status:"",""value"":""In Progress""},{""title"":""⚡ Action:"",""value"":""Monitor scan progress and review results""},{""title"":""🔄 Cycle ID:"",""value"":""{cycleId}""},{""title"":""📋 Auth Report ID:"",""value"":""{authReportId}""},{""title"":""⏰ Initiated:"",""value"":""{rescanInitiatedDateTime} UTC""}]}]}],""actions"":[]}",String,High,String,"<html><head><style>body{font-family:Arial,sans-serif;line-height:1.6;color:#333;max-width:800px;margin:0 auto;padding:20px;}.header{background:#ff6b35;color:white;padding:20px;text-align:center;border-radius:8px 8px 0 0;}.content{background:#f9f9f9;padding:30px;border:1px solid #ddd;border-radius:0 0 8px 8px;}.alert-message{background:#fff3cd;color:#856404;padding:20px;border-radius:5px;border-left:4px solid #ffc107;text-align:center;font-size:16px;font-weight:500;margin-bottom:20px;}.rescan-details{background:white;padding:20px;border-radius:5px;border:1px solid #dee2e6;margin:20px 0;}.summary-section{display:flex;justify-content:space-between;margin-bottom:20px;}.summary-card{background:#f8f9fa;padding:15px;border-radius:5px;text-align:center;flex:1;margin:0 10px;}.summary-card h4{margin:0 0 10px 0;color:#495057;}.summary-number{font-size:24px;font-weight:bold;color:#dc3545;}.ip-section{margin:20px 0;}.ip-section h4{color:#495057;margin-bottom:10px;padding-bottom:5px;border-bottom:1px solid #dee2e6;}.ip-list{background:#f8f9fa;padding:15px;border-radius:5px;margin:10px 0;font-family:monospace;font-size:14px;max-height:200px;overflow-y:auto;border:1px solid #e9ecef;}.no-ips{color:#6c757d;font-style:italic;}.rescan-badge{background:#28a745;color:white;padding:6px 12px;border-radius:15px;font-size:14px;font-weight:600;margin:0 5px;}.footer{background:#f1f1f1;padding:15px;text-align:center;font-size:12px;color:#666;margin-top:20px;border-radius:5px;}.exclusion-note{background:#e7f3ff;color:#0066cc;padding:15px;border-radius:5px;border-left:4px solid #0066cc;margin:15px 0;font-size:14px;}</style></head><body><div class='header'><h1>🔄 Vulnerability Rescan Initiated</h1></div><div class='content'><div class='alert-message'>Vulnerability rescan has been automatically triggered for cycle <strong>{cycleId}</strong> after excluding previously identified IPs from authentication failures and host connectivity issues.</div><div class='rescan-details'><h3>📊 Rescan Summary</h3><div class='summary-section'><div class='summary-card'><h4>New Auth Failures</h4><div class='summary-number'>{filteredAuthFailedCount}</div><small>({totalAuthFailedCount} total detected)</small></div><div class='summary-card'><h4>New Host Not Alive</h4><div class='summary-number'>{filteredHostNotAliveCount}</div><small>({totalHostNotAliveCount} total detected)</small></div><div class='summary-card'><h4>Total IPs Rescanning</h4><div class='summary-number'>{totalRescanIPs}</div></div></div><div class='ip-section'><h4>🔐 New Authentication Failed IPs ({filteredAuthFailedCount} total)</h4>{authFailedIPsSection}</div><div class='ip-section'><h4>💻 New Host Not Alive IPs ({filteredHostNotAliveCount} total)</h4>{hostNotAliveIPsSection}</div><p><strong>Rescan Status:</strong> <span class='rescan-badge'>In Progress</span></p><p><strong>Action:</strong> Monitor scan progress and review results once completed.</p></div><div class='footer'><p>This is an automated notification from the Vulnerability Management System.</p><p><strong>Rescan Initiated:</strong> {rescanInitiatedDateTime} UTC</p><p><strong>Cycle ID:</strong> {cycleId} | <strong>Auth Report ID:</strong> {authReportId}</p></div></div></body></html>",String,Vulnerability Rescan Initiated - Cycle {cycleId},String,Email,String,,
Vulnerability-Scan,VULN-06,"{""type"":""AdaptiveCard"",""$schema"":""http://adaptivecards.io/schemas/adaptive-card.json"",""version"":""1.2"",""body"":[{""type"":""Container"",""style"":""attention"",""items"":[{""type"":""TextBlock"",""text"":""🔴 Vulnerability Rescan Failures"",""size"":""Large"",""weight"":""Bolder"",""color"":""Attention"",""horizontalAlignment"":""Center""}]},{""type"":""Container"",""style"":""attention"",""items"":[{""type"":""TextBlock"",""text"":""IPs that passed authentication scanning phase but failed during vulnerability scanning phase for cycle **{cycleId}**."",""wrap"":true,""horizontalAlignment"":""Center"",""weight"":""Bolder"",""color"":""Attention""}]},{""type"":""Container"",""items"":[{""type"":""TextBlock"",""text"":""📊 **Vulnerability Rescan Failure Summary**"",""weight"":""Bolder"",""size"":""Medium""},{""type"":""ColumnSet"",""columns"":[{""type"":""Column"",""width"":""stretch"",""items"":[{""type"":""TextBlock"",""text"":""🔐 **Authentication Failures**"",""weight"":""Bolder"",""horizontalAlignment"":""Center"",""size"":""Small""},{""type"":""TextBlock"",""text"":""{authFailedCount}"",""weight"":""Bolder"",""horizontalAlignment"":""Center"",""size"":""ExtraLarge"",""color"":""Attention""}]},{""type"":""Column"",""width"":""stretch"",""items"":[{""type"":""TextBlock"",""text"":""💻 **Host Not Alive**"",""weight"":""Bolder"",""horizontalAlignment"":""Center"",""size"":""Small""},{""type"":""TextBlock"",""text"":""{hostNotAliveCount}"",""weight"":""Bolder"",""horizontalAlignment"":""Center"",""size"":""ExtraLarge"",""color"":""Attention""}]}]}]},{""type"":""Container"",""items"":[{""type"":""TextBlock"",""text"":""⚠️ **Action Required:** Investigate network connectivity, scanning permissions, or target system availability issues for the listed IP addresses. Consider rescanning these targets."",""wrap"":true,""weight"":""Bolder"",""color"":""Attention"",""style"":""heading""}]},{""type"":""Container"",""items"":[{""type"":""FactSet"",""facts"":[{""title"":""🔄 Cycle ID:"",""value"":""{cycleId}""},{""title"":""📋 Auth Report ID:"",""value"":""{authReportId}""},{""title"":""⏰ Detected:"",""value"":""{detectedDateTime} UTC""}]}]}],""actions"":[]}",String,High,String,"<html><head><style>body{font-family:Arial,sans-serif;line-height:1.6;color:#333;max-width:800px;margin:0 auto;padding:20px;}.header{background:#dc3545;color:white;padding:20px;text-align:center;border-radius:8px 8px 0 0;}.content{background:#f9f9f9;padding:30px;border:1px solid #ddd;border-radius:0 0 8px 8px;}.warning-message{background:#f8d7da;color:#721c24;padding:20px;border-radius:5px;border-left:4px solid #dc3545;text-align:center;font-size:16px;font-weight:500;margin-bottom:20px;}.scan-details{background:white;padding:20px;border-radius:5px;border:1px solid #dee2e6;margin:20px 0;}.summary-section{display:flex;justify-content:center;margin-bottom:20px;}.summary-card{background:#f8f9fa;padding:20px;border-radius:5px;text-align:center;border:2px solid #dc3545;}.summary-card h4{margin:0 0 10px 0;color:#495057;}.summary-number{font-size:32px;font-weight:bold;color:#dc3545;}.ip-section{margin:20px 0;}.ip-section h4{color:#dc3545;margin-bottom:15px;padding-bottom:8px;border-bottom:2px solid #dc3545;font-size:18px;}.ip-list{background:#fff5f5;padding:20px;border-radius:5px;margin:10px 0;font-family:monospace;font-size:14px;max-height:300px;overflow-y:auto;border:2px solid #dc3545;line-height:1.8;}.no-ips{color:#6c757d;font-style:italic;text-align:center;padding:20px;}.warning-badge{background:#dc3545;color:white;padding:6px 12px;border-radius:15px;font-size:14px;font-weight:600;margin:0 5px;}.footer{background:#f1f1f1;padding:15px;text-align:center;font-size:12px;color:#666;margin-top:20px;border-radius:5px;}</style></head><body><div class='header'><h1>🔴 Vulnerability Rescan Failures</h1></div><div class='content'><div class='warning-message'>IPs that passed authentication scanning phase but failed during vulnerability scanning phase for cycle <strong>{cycleId}</strong>.</div><div class='scan-details'><h3>📊 Vulnerability Rescan Failure Summary</h3><div class='summary-section'><div class='summary-card'><h4>Authentication Failures</h4><div class='summary-number'>{authFailedCount}</div></div><div class='summary-card'><h4>Host Not Alive</h4><div class='summary-number'>{hostNotAliveCount}</div></div></div><div class='ip-section'><h4>🔐 Authentication Failed IPs ({authFailedCount} total)</h4><p style='color:#721c24;font-weight:500;margin-bottom:15px;'>These IP addresses failed during the authentication phase:</p>{authFailedIPsSection}</div><div class='ip-section'><h4>💻 Host Not Alive IPs ({hostNotAliveCount} total)</h4><p style='color:#721c24;font-weight:500;margin-bottom:15px;'>These IP addresses are not responding or not alive:</p>{hostNotAliveIPsSection}</div><p><strong>Action Required:</strong> Investigate network connectivity, scanning permissions, or target system availability issues for the listed IP addresses. Consider rescanning these targets.</p></div><div class='footer'><p>This is an automated notification from the Vulnerability Management System.</p><p><strong>Detected:</strong> {detectedDateTime} UTC</p><p><strong>Cycle ID:</strong> {cycleId} | <strong>Auth Report ID:</strong> {authReportId}</p></div></div></body></html>",String,Vulnerability Rescan Failures Detected - {cycleId},String,Email,String,,
Vulnerability-Scan,VULN-07,"{""type"":""AdaptiveCard"",""$schema"":""http://adaptivecards.io/schemas/adaptive-card.json"",""version"":""1.2"",""body"":[{""type"":""Container"",""style"":""good"",""items"":[{""type"":""TextBlock"",""text"":""✅ Vulnerability Scanning Complete"",""size"":""Large"",""weight"":""Bolder"",""color"":""Good"",""horizontalAlignment"":""Center""}]},{""type"":""Container"",""style"":""good"",""items"":[{""type"":""TextBlock"",""text"":""All vulnerability scanning batches for cycle have been completed successfully. Results are now available in **Qualys Reporting**."",""wrap"":true,""horizontalAlignment"":""Center"",""weight"":""Bolder""}]},{""type"":""Container"",""items"":[{""type"":""TextBlock"",""text"":""📊 **Scan Results**"",""weight"":""Bolder"",""size"":""Medium""},{""type"":""FactSet"",""facts"":[{""title"":""📊 Status:"",""value"":""✅ Completed Successfully""},{""title"":""⚡ Action:"",""value"":""Review results in Qualys reporting portal""},{""title"":""🎯 All Batches:"",""value"":""Complete""},{""title"":""⏰ Completed:"",""value"":""{completedDateTime} UTC""}]}]}],""actions"":[]}",String,High,String,"<html><head><style>body{font-family:Arial,sans-serif;line-height:1.6;color:#333;max-width:600px;margin:0 auto;padding:20px;}.header{background:#28a745;color:white;padding:20px;text-align:center;border-radius:8px 8px 0 0;}.content{background:#f9f9f9;padding:30px;border:1px solid #ddd;border-radius:0 0 8px 8px;}.success-message{background:#d4edda;color:#155724;padding:20px;border-radius:5px;border-left:4px solid #28a745;text-align:center;font-size:16px;font-weight:500;margin-bottom:20px;}.scan-details{background:white;padding:20px;border-radius:5px;border:1px solid #dee2e6;margin:20px 0;}.status-badge{background:#28a745;color:white;padding:6px 12px;border-radius:15px;font-size:14px;font-weight:600;margin:0 5px;}.qualys-badge{background:#007bff;color:white;padding:6px 12px;border-radius:15px;font-size:14px;font-weight:600;margin:0 5px;}.footer{background:#f1f1f1;padding:15px;text-align:center;font-size:12px;color:#666;margin-top:20px;border-radius:5px;}</style></head><body><div class='header'><h1>✅ Vulnerability Scanning Complete</h1></div><div class='content'><div class='success-message'>All vulnerability scanning batches for cycle have been completed successfully. Results are now available in <span class='qualys-badge'>Qualys Reporting</span>.</div><div class='scan-details'><h3>📊 Scan Results</h3><p><strong>Status:</strong> <span style='color:#28a745;font-weight:bold;'>✅ Completed Successfully</span></p><p><strong>Action:</strong> Review results in Qualys reporting portal</p><p><strong>All Batches:</strong> <span class='status-badge'>Complete</span></p></div><div class='footer'><p>This is an automated notification from the Vulnerability Management System.</p><p><strong>Completed:</strong> {completedDateTime} UTC</p></div></div></body></html>",String,Vulnerability Scanning Complete - {cycleId},String,Email,String,,
